,id,terrestrial_date,sol,ls,month,min_temp,pressure
0,2,2012-08-16,10.0,155.0,6,-75.0,739.0
1,13,2012-08-17,11.0,156.0,6,-76.0,740.0
2,24,2012-08-18,12.0,156.0,6,-76.0,741.0
3,35,2012-08-19,13.0,157.0,6,-74.0,732.0
4,46,2012-08-20,14.0,157.0,6,-74.0,740.0
5,57,2012-08-21,15.0,158.0,6,-78.0,740.0
6,68,2012-08-22,16.0,158.0,6,-77.0,740.0
7,79,2012-08-23,17.0,159.0,6,-76.0,742.0
8,112,2012-08-27,21.0,161.0,6,-74.0,741.0
9,114,2012-08-28,22.0,162.0,6,-74.0,742.0
10,123,2012-08-29,23.0,162.0,6,-75.0,741.0
11,134,2012-08-30,24.0,163.0,6,-75.0,742.0
12,145,2012-08-31,25.0,163.0,6,-75.0,743.0
13,156,2012-09-01,26.0,164.0,6,-76.0,745.0
14,163,2012-09-02,27.0,164.0,6,-75.0,743.0
15,170,2012-09-03,28.0,165.0,6,-75.0,745.0
16,171,2012-09-04,29.0,166.0,6,-75.0,747.0
17,172,2012-09-05,30.0,166.0,6,-74.0,747.0
18,173,2012-09-06,31.0,167.0,6,-74.0,745.0
19,175,2012-09-08,33.0,168.0,6,-73.0,748.0
20,176,2012-09-10,34.0,168.0,6,-73.0,748.0
21,177,2012-09-11,35.0,169.0,6,-73.0,749.0
22,178,2012-09-12,36.0,169.0,6,-73.0,750.0
23,179,2012-09-13,37.0,170.0,6,-73.0,750.0
24,180,2012-09-14,38.0,171.0,6,-73.0,750.0
25,181,2012-09-15,39.0,171.0,6,-75.0,751.0
26,182,2012-09-16,40.0,172.0,6,-75.0,753.0
27,183,2012-09-17,41.0,172.0,6,-75.0,753.0
28,184,2012-09-18,42.0,173.0,6,-75.0,754.0
29,185,2012-09-19,43.0,173.0,6,-74.0,756.0
30,186,2012-09-20,44.0,174.0,6,-75.0,757.0
31,187,2012-09-21,45.0,175.0,6,-74.0,758.0
32,188,2012-09-22,46.0,175.0,6,-74.0,758.0
33,189,2012-09-23,47.0,176.0,6,-75.0,758.0
34,190,2012-09-24,48.0,176.0,6,-75.0,759.0
35,191,2012-09-25,49.0,177.0,6,-74.0,761.0
36,192,2012-09-26,50.0,177.0,6,-72.0,761.0
37,193,2012-09-27,51.0,178.0,6,-76.0,762.0
38,194,2012-09-28,52.0,179.0,6,-74.0,762.0
39,195,2012-09-29,53.0,179.0,6,-71.0,764.0
40,196,2012-09-30,54.0,180.0,7,-72.0,766.0
41,197,2012-10-01,55.0,180.0,7,-74.0,766.0
42,198,2012-10-02,56.0,181.0,7,-73.0,768.0
43,199,2012-10-03,57.0,181.0,7,-73.0,769.0
44,200,2012-10-04,58.0,182.0,7,-74.0,769.0
45,201,2012-10-05,59.0,183.0,7,-76.0,771.0
46,202,2012-10-06,60.0,183.0,7,-75.0,772.0
47,203,2012-10-07,61.0,184.0,7,-72.0,772.0
48,204,2012-10-08,62.0,184.0,7,-72.0,774.0
49,205,2012-10-09,63.0,185.0,7,-73.0,775.0
50,206,2012-10-10,64.0,186.0,7,-74.0,776.0
51,207,2012-10-11,65.0,186.0,7,-72.0,777.0
52,208,2012-10-12,66.0,187.0,7,-73.0,778.0
53,209,2012-10-13,67.0,187.0,7,-73.0,780.0
54,210,2012-10-14,68.0,188.0,7,-71.0,781.0
55,211,2012-10-15,69.0,189.0,7,-73.0,778.0
56,212,2012-10-17,70.0,189.0,7,-72.0,783.0
57,213,2012-10-18,71.0,190.0,7,-71.0,784.0
58,214,2012-10-19,72.0,190.0,7,-73.0,785.0
59,215,2012-10-20,73.0,191.0,7,-70.0,788.0
60,216,2012-10-21,74.0,192.0,7,-72.0,790.0
61,217,2012-10-22,75.0,192.0,7,-73.0,791.0
62,218,2012-10-23,76.0,193.0,7,-73.0,792.0
63,219,2012-10-24,77.0,193.0,7,-71.0,792.0
64,220,2012-10-25,78.0,194.0,7,-71.0,793.0
65,221,2012-10-26,79.0,195.0,7,-73.0,795.0
66,222,2012-10-27,80.0,195.0,7,-70.0,796.0
67,223,2012-10-28,81.0,196.0,7,-72.0,798.0
68,224,2012-10-29,82.0,196.0,7,-72.0,799.0
69,225,2012-10-30,83.0,197.0,7,-72.0,801.0
70,226,2012-10-31,84.0,198.0,7,-70.0,801.0
71,227,2012-11-01,85.0,198.0,7,-71.0,805.0
72,228,2012-11-02,86.0,199.0,7,-71.0,808.0
73,229,2012-11-03,87.0,199.0,7,-70.0,808.0
74,230,2012-11-04,88.0,200.0,7,-70.0,811.0
75,231,2012-11-05,89.0,201.0,7,-73.0,813.0
76,233,2012-11-06,90.0,201.0,7,-71.0,813.0
77,234,2012-11-07,91.0,202.0,7,-74.0,817.0
78,235,2012-11-08,92.0,202.0,7,-74.0,820.0
79,236,2012-11-09,93.0,203.0,7,-72.0,819.0
80,237,2012-11-10,94.0,204.0,7,-70.0,822.0
81,238,2012-11-11,95.0,204.0,7,-68.0,822.0
82,239,2012-11-12,96.0,205.0,7,-71.0,826.0
83,240,2012-11-13,97.0,206.0,7,-68.0,828.0
84,241,2012-11-14,98.0,206.0,7,-68.0,828.0
85,242,2012-11-15,99.0,207.0,7,-68.0,829.0
86,3,2012-11-16,100.0,207.0,7,-66.0,829.0
87,4,2012-11-17,101.0,208.0,7,-65.0,830.0
88,5,2012-11-18,102.0,209.0,7,-67.0,833.0
89,6,2012-11-19,103.0,209.0,7,-66.0,836.0
90,7,2012-11-20,104.0,210.0,8,-67.0,838.0
91,8,2012-11-21,105.0,211.0,8,-66.0,839.0
92,9,2012-11-23,106.0,211.0,8,-66.0,841.0
93,10,2012-11-24,107.0,212.0,8,-66.0,844.0
94,11,2012-11-25,108.0,212.0,8,-65.0,845.0
95,12,2012-11-26,109.0,213.0,8,-64.0,844.0
96,14,2012-11-27,110.0,214.0,8,-65.0,848.0
97,15,2012-11-28,111.0,214.0,8,-66.0,849.0
98,16,2012-11-29,112.0,215.0,8,-65.0,852.0
99,17,2012-11-30,113.0,216.0,8,-66.0,857.0
100,18,2012-12-01,114.0,216.0,8,-69.0,857.0
101,19,2012-12-02,115.0,217.0,8,-66.0,857.0
102,20,2012-12-03,116.0,217.0,8,-67.0,859.0
103,21,2012-12-04,117.0,218.0,8,-66.0,861.0
104,22,2012-12-05,118.0,219.0,8,-65.0,864.0
105,23,2012-12-06,119.0,219.0,8,-66.0,866.0
106,25,2012-12-07,120.0,220.0,8,-67.0,867.0
107,26,2012-12-08,121.0,221.0,8,-66.0,869.0
108,27,2012-12-09,122.0,221.0,8,-65.0,869.0
109,28,2012-12-10,123.0,222.0,8,-66.0,875.0
110,29,2012-12-11,124.0,223.0,8,-66.0,876.0
111,30,2012-12-12,125.0,223.0,8,-68.0,880.0
112,31,2012-12-13,126.0,224.0,8,-66.0,880.0
113,32,2012-12-14,127.0,224.0,8,-67.0,884.0
114,33,2012-12-15,128.0,225.0,8,-67.0,883.0
115,34,2012-12-16,129.0,226.0,8,-65.0,886.0
116,36,2012-12-17,130.0,226.0,8,-65.0,888.0
117,37,2012-12-18,131.0,227.0,8,-65.0,889.0
118,38,2012-12-19,132.0,228.0,8,-65.0,890.0
119,39,2012-12-20,133.0,228.0,8,-65.0,891.0
120,40,2012-12-21,134.0,229.0,8,-67.0,893.0
121,41,2012-12-22,135.0,230.0,8,-65.0,894.0
122,42,2012-12-23,136.0,230.0,8,-65.0,897.0
123,43,2012-12-24,137.0,231.0,8,-64.0,896.0
124,44,2012-12-25,138.0,232.0,8,-65.0,899.0
125,45,2012-12-26,139.0,232.0,8,-66.0,899.0
126,47,2012-12-27,140.0,233.0,8,-66.0,903.0
127,48,2012-12-28,141.0,233.0,8,-64.0,904.0
128,49,2012-12-29,142.0,234.0,8,-65.0,906.0
129,50,2012-12-31,143.0,235.0,8,-63.0,908.0
130,51,2013-01-01,144.0,235.0,8,-64.0,907.0
131,52,2013-01-02,145.0,236.0,8,-64.0,909.0
132,53,2013-01-03,146.0,237.0,8,-65.0,908.0
133,54,2013-01-04,147.0,237.0,8,-65.0,914.0
134,55,2013-01-05,148.0,238.0,8,-65.0,912.0
135,56,2013-01-06,149.0,239.0,8,-65.0,914.0
136,58,2013-01-07,150.0,239.0,8,-64.0,913.0
137,59,2013-01-08,151.0,240.0,9,-65.0,915.0
138,60,2013-01-09,152.0,241.0,9,-63.0,914.0
139,61,2013-01-10,153.0,241.0,9,-65.0,915.0
140,62,2013-01-11,154.0,242.0,9,-65.0,917.0
141,63,2013-01-12,155.0,243.0,9,-64.0,917.0
142,64,2013-01-13,156.0,243.0,9,-65.0,922.0
143,65,2013-01-14,157.0,244.0,9,-64.0,920.0
144,66,2013-01-15,158.0,245.0,9,-66.0,922.0
145,67,2013-01-16,159.0,245.0,9,-65.0,918.0
146,69,2013-01-17,160.0,246.0,9,-67.0,919.0
147,70,2013-01-18,161.0,246.0,9,-65.0,919.0
148,71,2013-01-19,162.0,247.0,9,-65.0,919.0
149,72,2013-01-20,163.0,248.0,9,-65.0,919.0
150,73,2013-01-21,164.0,248.0,9,-64.0,919.0
151,74,2013-01-22,165.0,249.0,9,-65.0,922.0
152,75,2013-01-23,166.0,250.0,9,-65.0,922.0
153,76,2013-01-24,167.0,250.0,9,-65.0,920.0
154,77,2013-01-25,168.0,251.0,9,-66.0,923.0
155,78,2013-01-26,169.0,252.0,9,-66.0,922.0
156,80,2013-01-27,170.0,252.0,9,-66.0,925.0
157,81,2013-01-28,171.0,253.0,9,-67.0,925.0
158,82,2013-01-29,172.0,254.0,9,-67.0,923.0
159,83,2013-01-30,173.0,254.0,9,-67.0,920.0
160,84,2013-01-31,174.0,255.0,9,-67.0,921.0
161,85,2013-02-01,175.0,256.0,9,-68.0,921.0
162,86,2013-02-02,176.0,256.0,9,-67.0,920.0
163,87,2013-02-03,177.0,257.0,9,-66.0,921.0
164,88,2013-02-04,178.0,258.0,9,-66.0,920.0
165,89,2013-02-06,179.0,258.0,9,-66.0,920.0
166,91,2013-02-07,180.0,259.0,9,-67.0,919.0
167,92,2013-02-08,181.0,260.0,9,-67.0,918.0
168,93,2013-02-09,182.0,260.0,9,-67.0,921.0
169,94,2013-02-10,183.0,261.0,9,-67.0,921.0
170,95,2013-02-11,184.0,261.0,9,-67.0,923.0
171,96,2013-02-12,185.0,262.0,9,-67.0,923.0
172,97,2013-02-13,186.0,263.0,9,-66.0,922.0
173,98,2013-02-14,187.0,263.0,9,-67.0,921.0
174,99,2013-02-15,188.0,264.0,9,-68.0,920.0
175,100,2013-02-16,189.0,265.0,9,-68.0,920.0
176,102,2013-02-17,190.0,265.0,9,-66.0,917.0
177,103,2013-02-18,191.0,266.0,9,-67.0,921.0
178,106,2013-02-23,196.0,269.0,9,-66.0,916.0
179,107,2013-02-24,197.0,270.0,10,-68.0,915.0
180,108,2013-02-25,198.0,271.0,10,-67.0,914.0
181,109,2013-02-26,199.0,271.0,10,-66.0,917.0
182,116,2013-03-23,223.0,287.0,10,-71.0,895.0
183,117,2013-03-24,224.0,287.0,10,-69.0,894.0
184,118,2013-03-25,225.0,288.0,10,-71.0,894.0
185,119,2013-03-26,226.0,288.0,10,-70.0,894.0
186,120,2013-03-27,227.0,289.0,10,-70.0,892.0
187,121,2013-03-28,228.0,290.0,10,-71.0,894.0
188,122,2013-03-29,229.0,290.0,10,-69.0,894.0
189,124,2013-03-30,230.0,291.0,10,-69.0,888.0
190,125,2013-03-31,231.0,292.0,10,-71.0,890.0
191,126,2013-04-01,232.0,292.0,10,-69.0,888.0
192,127,2013-04-02,233.0,293.0,10,-69.0,889.0
193,128,2013-04-03,234.0,293.0,10,-69.0,890.0
194,129,2013-04-04,235.0,294.0,10,-70.0,886.0
195,130,2013-04-05,236.0,295.0,10,-72.0,886.0
196,131,2013-04-06,237.0,295.0,10,-71.0,883.0
197,132,2013-04-07,238.0,296.0,10,-70.0,885.0
198,133,2013-04-08,239.0,297.0,10,-73.0,885.0
199,135,2013-04-09,240.0,297.0,10,-70.0,884.0
200,136,2013-04-10,241.0,298.0,10,-72.0,884.0
201,137,2013-04-11,242.0,298.0,10,-70.0,881.0
202,138,2013-04-12,243.0,299.0,10,-71.0,884.0
203,139,2013-04-13,244.0,300.0,11,-69.0,878.0
204,140,2013-04-14,245.0,300.0,11,-70.0,879.0
205,141,2013-04-15,246.0,301.0,11,-73.0,878.0
206,142,2013-04-16,247.0,301.0,11,-71.0,873.0
207,143,2013-04-17,248.0,302.0,11,-70.0,877.0
208,144,2013-04-18,249.0,303.0,11,-69.0,873.0
209,146,2013-04-19,250.0,303.0,11,-70.0,877.0
210,147,2013-04-20,251.0,304.0,11,-71.0,876.0
211,148,2013-04-22,252.0,304.0,11,-71.0,874.0
212,149,2013-04-23,253.0,305.0,11,-71.0,877.0
213,150,2013-04-24,254.0,306.0,11,-70.0,871.0
214,151,2013-04-25,255.0,306.0,11,-69.0,877.0
215,152,2013-04-26,256.0,307.0,11,-70.0,871.0
216,153,2013-04-27,257.0,308.0,11,-70.0,871.0
217,154,2013-04-28,258.0,308.0,11,-71.0,869.0
218,155,2013-04-29,259.0,309.0,11,-72.0,871.0
219,157,2013-04-30,260.0,309.0,11,-70.0,875.0
220,158,2013-05-01,261.0,310.0,11,-70.0,868.0
221,161,2013-05-08,268.0,314.0,11,-70.0,864.0
222,162,2013-05-09,269.0,315.0,11,-72.0,866.0
223,164,2013-05-10,270.0,315.0,11,-67.0,863.0
224,165,2013-05-11,271.0,316.0,11,-69.0,864.0
225,166,2013-05-12,272.0,316.0,11,-71.0,864.0
226,167,2013-05-13,273.0,317.0,11,-70.0,861.0
227,168,2013-05-14,274.0,318.0,11,-70.0,861.0
228,169,2013-05-15,275.0,318.0,11,-67.0,860.0
229,244,2013-05-16,276.0,319.0,11,-69.0,858.0
230,245,2013-05-17,277.0,319.0,11,-69.0,857.0
231,246,2013-05-18,278.0,320.0,11,-67.0,855.0
232,247,2013-05-19,279.0,321.0,11,-68.0,856.0
233,248,2013-05-20,280.0,321.0,11,-69.0,856.0
234,249,2013-05-21,281.0,322.0,11,-68.0,855.0
235,250,2013-05-22,282.0,322.0,11,-72.0,856.0
236,251,2013-05-23,283.0,323.0,11,-68.0,854.0
237,252,2013-05-24,284.0,323.0,11,-71.0,854.0
238,253,2013-05-25,285.0,324.0,11,-70.0,852.0
239,254,2013-05-26,286.0,325.0,11,-71.0,854.0
240,255,2013-05-27,287.0,325.0,11,-72.0,856.0
241,256,2013-05-29,288.0,326.0,11,-69.0,854.0
242,257,2013-05-30,289.0,326.0,11,-71.0,854.0
243,258,2013-05-31,290.0,327.0,11,-71.0,853.0
244,259,2013-06-01,291.0,327.0,11,-70.0,853.0
245,260,2013-06-02,292.0,328.0,11,-71.0,853.0
246,261,2013-06-03,293.0,329.0,11,-72.0,850.0
247,262,2013-06-04,294.0,329.0,11,-72.0,852.0
248,263,2013-06-05,295.0,330.0,12,-71.0,853.0
249,264,2013-06-06,296.0,330.0,12,-71.0,850.0
250,265,2013-06-07,297.0,331.0,12,-72.0,849.0
251,266,2013-06-08,298.0,331.0,12,-72.0,850.0
252,267,2013-06-09,299.0,332.0,12,-71.0,849.0
253,286,2013-06-10,300.0,333.0,12,-72.0,852.0
254,276,2013-06-11,301.0,333.0,12,-73.0,852.0
255,287,2013-06-12,302.0,334.0,12,-71.0,850.0
256,283,2013-06-13,303.0,334.0,12,-71.0,849.0
257,281,2013-06-14,304.0,335.0,12,-70.0,848.0
258,275,2013-06-15,305.0,335.0,12,-71.0,847.0
259,280,2013-06-16,306.0,336.0,12,-71.0,848.0
260,279,2013-06-17,307.0,336.0,12,-72.0,851.0
261,282,2013-06-18,308.0,337.0,12,-73.0,850.0
262,284,2013-06-19,309.0,338.0,12,-72.0,848.0
263,278,2013-06-20,310.0,338.0,12,-71.0,849.0
264,277,2013-06-21,311.0,339.0,12,-74.0,846.0
265,285,2013-06-22,312.0,339.0,12,-71.0,845.0
266,274,2013-06-23,313.0,340.0,12,-77.0,849.0
267,272,2013-06-24,314.0,340.0,12,-73.0,848.0
268,273,2013-06-25,315.0,341.0,12,-74.0,850.0
269,288,2013-06-26,316.0,341.0,12,-74.0,851.0
270,268,2013-06-27,317.0,342.0,12,-72.0,849.0
271,270,2013-06-28,318.0,342.0,12,-74.0,849.0
272,271,2013-06-29,319.0,343.0,12,-73.0,847.0
273,269,2013-06-30,320.0,344.0,12,-74.0,846.0
274,289,2013-07-01,321.0,344.0,12,-75.0,847.0
275,291,2013-07-02,322.0,345.0,12,-74.0,849.0
276,290,2013-07-03,323.0,345.0,12,-74.0,847.0
277,292,2013-07-04,324.0,346.0,12,-75.0,850.0
278,294,2013-07-06,325.0,346.0,12,-74.0,847.0
279,295,2013-07-07,326.0,347.0,12,-72.0,848.0
280,296,2013-07-08,327.0,347.0,12,-74.0,848.0
281,293,2013-07-09,328.0,348.0,12,-75.0,847.0
282,298,2013-07-10,329.0,348.0,12,-74.0,847.0
283,297,2013-07-11,330.0,349.0,12,-75.0,848.0
284,303,2013-07-12,331.0,349.0,12,-74.0,848.0
285,300,2013-07-13,332.0,350.0,12,-76.0,849.0
286,299,2013-07-14,333.0,350.0,12,-75.0,849.0
287,301,2013-07-15,334.0,351.0,12,-74.0,852.0
288,302,2013-07-16,335.0,352.0,12,-76.0,852.0
289,305,2013-07-17,336.0,352.0,12,-76.0,852.0
290,304,2013-07-18,337.0,353.0,12,-75.0,853.0
291,306,2013-07-19,338.0,353.0,12,-78.0,848.0
292,308,2013-07-20,339.0,354.0,12,-76.0,849.0
293,307,2013-07-21,340.0,354.0,12,-76.0,851.0
294,310,2013-07-22,341.0,355.0,12,-77.0,852.0
295,309,2013-07-23,342.0,355.0,12,-76.0,851.0
296,311,2013-07-24,343.0,356.0,12,-77.0,850.0
297,317,2013-07-25,344.0,356.0,12,-77.0,851.0
298,312,2013-07-26,345.0,357.0,12,-77.0,853.0
299,314,2013-07-27,346.0,357.0,12,-76.0,853.0
300,313,2013-07-28,347.0,358.0,12,-77.0,851.0
301,315,2013-07-29,348.0,358.0,12,-74.0,850.0
302,316,2013-07-30,349.0,359.0,12,-75.0,852.0
303,318,2013-07-31,350.0,359.0,12,-76.0,853.0
304,320,2013-08-01,351.0,0.0,1,-75.0,853.0
305,319,2013-08-02,352.0,0.0,1,-77.0,854.0
306,323,2013-08-03,353.0,1.0,1,-75.0,855.0
307,322,2013-08-04,354.0,1.0,1,-75.0,857.0
308,321,2013-08-05,355.0,2.0,1,-75.0,857.0
309,324,2013-08-06,356.0,2.0,1,-77.0,856.0
310,325,2013-08-07,357.0,3.0,1,-76.0,857.0
311,326,2013-08-17,366.0,7.0,1,-76.0,861.0
312,328,2013-08-18,367.0,8.0,1,-76.0,862.0
313,330,2013-08-19,368.0,8.0,1,-77.0,863.0
314,331,2013-08-20,369.0,9.0,1,-75.0,865.0
315,332,2013-08-21,370.0,9.0,1,-79.0,865.0
316,333,2013-08-22,371.0,10.0,1,-77.0,865.0
317,334,2013-08-23,372.0,10.0,1,-76.0,866.0
318,335,2013-08-24,373.0,11.0,1,-79.0,866.0
319,337,2013-08-25,374.0,11.0,1,-79.0,866.0
320,336,2013-08-26,375.0,12.0,1,-77.0,867.0
321,340,2013-08-27,376.0,12.0,1,-78.0,870.0
322,338,2013-08-28,377.0,13.0,1,-78.0,870.0
323,339,2013-08-29,378.0,13.0,1,-78.0,869.0
324,341,2013-08-30,379.0,14.0,1,-79.0,870.0
325,343,2013-08-31,380.0,14.0,1,-79.0,870.0
326,345,2013-09-01,381.0,15.0,1,-79.0,871.0
327,344,2013-09-02,382.0,15.0,1,-76.0,872.0
328,342,2013-09-03,383.0,16.0,1,-77.0,874.0
329,346,2013-09-04,384.0,16.0,1,-77.0,875.0
330,351,2013-09-05,385.0,17.0,1,-78.0,874.0
331,347,2013-09-06,386.0,17.0,1,-77.0,873.0
332,349,2013-09-07,387.0,18.0,1,-78.0,874.0
333,350,2013-09-08,388.0,18.0,1,-79.0,875.0
334,348,2013-09-09,389.0,19.0,1,-79.0,875.0
335,352,2013-09-10,390.0,19.0,1,-78.0,875.0
336,353,2013-09-11,391.0,20.0,1,-78.0,875.0
337,354,2013-09-12,392.0,20.0,1,-77.0,876.0
338,355,2013-09-13,393.0,21.0,1,-76.0,877.0
339,356,2013-09-14,394.0,21.0,1,-79.0,878.0
340,357,2013-09-15,395.0,22.0,1,-77.0,878.0
341,358,2013-09-16,396.0,22.0,1,-78.0,879.0
342,359,2013-09-18,397.0,23.0,1,-75.0,880.0
343,360,2013-09-19,398.0,23.0,1,-79.0,880.0
344,361,2013-09-20,399.0,24.0,1,-79.0,881.0
345,363,2013-09-21,400.0,24.0,1,-79.0,881.0
346,362,2013-09-22,401.0,25.0,1,-79.0,882.0
347,365,2013-09-23,402.0,25.0,1,-78.0,883.0
348,364,2013-09-24,403.0,25.0,1,-80.0,883.0
349,367,2013-09-25,404.0,26.0,1,-78.0,884.0
350,366,2013-09-26,405.0,26.0,1,-82.0,885.0
351,374,2013-09-27,406.0,27.0,1,-81.0,886.0
352,370,2013-09-28,407.0,27.0,1,-81.0,887.0
353,369,2013-09-29,408.0,28.0,1,-80.0,887.0
354,368,2013-09-30,409.0,28.0,1,-81.0,887.0
355,373,2013-10-01,410.0,29.0,1,-81.0,888.0
356,372,2013-10-02,411.0,29.0,1,-82.0,887.0
357,371,2013-10-03,412.0,30.0,2,-80.0,888.0
358,376,2013-10-04,413.0,30.0,2,-82.0,888.0
359,375,2013-10-05,414.0,31.0,2,-79.0,889.0
360,377,2013-10-06,415.0,31.0,2,-82.0,890.0
361,378,2013-10-07,416.0,32.0,2,-79.0,889.0
362,379,2013-10-08,417.0,32.0,2,-82.0,890.0
363,380,2013-10-09,418.0,33.0,2,-79.0,891.0
364,381,2013-10-10,419.0,33.0,2,-82.0,891.0
365,385,2013-10-11,420.0,33.0,2,-80.0,892.0
366,382,2013-10-12,421.0,34.0,2,-81.0,890.0
367,384,2013-10-13,422.0,34.0,2,-82.0,891.0
368,383,2013-10-14,423.0,35.0,2,-81.0,892.0
369,386,2013-10-15,424.0,35.0,2,-81.0,893.0
370,393,2013-10-16,425.0,36.0,2,-81.0,893.0
371,388,2013-10-17,426.0,36.0,2,-79.0,893.0
372,392,2013-10-18,427.0,37.0,2,-81.0,893.0
373,391,2013-10-19,428.0,37.0,2,-81.0,894.0
374,387,2013-10-20,429.0,38.0,2,-82.0,895.0
375,390,2013-10-21,430.0,38.0,2,-82.0,896.0
376,389,2013-10-22,431.0,39.0,2,-83.0,895.0
377,395,2013-10-23,432.0,39.0,2,-80.0,896.0
378,394,2013-10-24,433.0,40.0,2,-81.0,895.0
379,397,2013-10-26,434.0,40.0,2,-80.0,896.0
380,396,2013-10-27,435.0,40.0,2,-81.0,896.0
381,398,2013-10-28,436.0,41.0,2,-81.0,897.0
382,399,2013-10-29,437.0,41.0,2,-82.0,898.0
383,400,2013-10-30,438.0,42.0,2,-79.0,899.0
384,401,2013-10-31,439.0,42.0,2,-80.0,899.0
385,404,2013-11-01,440.0,43.0,2,-80.0,899.0
386,402,2013-11-02,441.0,43.0,2,-81.0,900.0
387,405,2013-11-03,442.0,44.0,2,-80.0,900.0
388,403,2013-11-04,443.0,44.0,2,-81.0,901.0
389,407,2013-11-16,455.0,50.0,2,-84.0,905.0
390,406,2013-11-17,456.0,50.0,2,-83.0,905.0
391,409,2013-11-24,463.0,53.0,2,-86.0,906.0
392,410,2013-11-25,464.0,54.0,2,-84.0,906.0
393,412,2013-11-26,465.0,54.0,2,-85.0,906.0
394,415,2013-11-27,466.0,55.0,2,-85.0,907.0
395,411,2013-11-28,467.0,55.0,2,-84.0,907.0
396,414,2013-11-29,468.0,55.0,2,-85.0,907.0
397,413,2013-11-30,469.0,56.0,2,-85.0,908.0
398,475,2013-12-02,470.0,56.0,2,-85.0,907.0
399,479,2013-12-03,471.0,57.0,2,-84.0,906.0
400,416,2013-12-04,472.0,57.0,2,-84.0,907.0
401,417,2013-12-05,473.0,58.0,2,-86.0,907.0
402,420,2013-12-06,474.0,58.0,2,-84.0,906.0
403,419,2013-12-07,475.0,59.0,2,-85.0,906.0
404,418,2013-12-08,476.0,59.0,2,-85.0,906.0
405,421,2013-12-09,477.0,60.0,3,-85.0,907.0
406,422,2013-12-18,486.0,64.0,3,-84.0,904.0
407,473,2013-12-19,487.0,64.0,3,-85.0,904.0
408,480,2013-12-20,488.0,64.0,3,-87.0,903.0
409,423,2013-12-21,489.0,65.0,3,-85.0,904.0
410,434,2013-12-22,490.0,65.0,3,-87.0,903.0
411,433,2013-12-23,491.0,66.0,3,-86.0,903.0
412,427,2013-12-24,492.0,66.0,3,-86.0,903.0
413,426,2013-12-25,493.0,67.0,3,-84.0,902.0
414,429,2013-12-26,494.0,67.0,3,-85.0,902.0
415,431,2013-12-27,495.0,68.0,3,-86.0,900.0
416,428,2013-12-28,496.0,68.0,3,-85.0,901.0
417,425,2013-12-29,497.0,69.0,3,-86.0,901.0
418,424,2013-12-30,498.0,69.0,3,-86.0,901.0
419,432,2013-12-31,499.0,69.0,3,-84.0,899.0
420,430,2014-01-01,500.0,70.0,3,-85.0,897.0
421,435,2014-01-02,501.0,70.0,3,-86.0,898.0
422,437,2014-01-03,502.0,71.0,3,-87.0,898.0
423,483,2014-01-04,503.0,71.0,3,-86.0,897.0
424,436,2014-01-05,504.0,72.0,3,-85.0,895.0
425,438,2014-01-06,505.0,72.0,3,-85.0,895.0
426,439,2014-01-08,506.0,73.0,3,-86.0,894.0
427,440,2014-01-09,507.0,73.0,3,-85.0,894.0
428,442,2014-01-10,508.0,73.0,3,-83.0,893.0
429,443,2014-01-11,509.0,74.0,3,-86.0,895.0
430,441,2014-01-12,510.0,74.0,3,-85.0,892.0
431,446,2014-01-13,511.0,75.0,3,-85.0,892.0
432,444,2014-01-14,512.0,75.0,3,-86.0,890.0
433,445,2014-01-15,513.0,76.0,3,-86.0,889.0
434,447,2014-01-16,514.0,76.0,3,-86.0,888.0
435,450,2014-01-17,515.0,77.0,3,-86.0,888.0
436,449,2014-01-18,516.0,77.0,3,-86.0,888.0
437,448,2014-01-19,517.0,77.0,3,-86.0,885.0
438,451,2014-01-20,518.0,78.0,3,-85.0,885.0
439,452,2014-01-21,519.0,78.0,3,-86.0,884.0
440,453,2014-01-22,520.0,79.0,3,-86.0,884.0
441,454,2014-01-23,521.0,79.0,3,-87.0,882.0
442,455,2014-01-24,522.0,80.0,3,-85.0,881.0
443,458,2014-01-25,523.0,80.0,3,-85.0,881.0
444,457,2014-01-26,524.0,81.0,3,-85.0,880.0
445,456,2014-01-27,525.0,81.0,3,-87.0,878.0
446,459,2014-01-28,526.0,82.0,3,-87.0,878.0
447,460,2014-01-29,527.0,82.0,3,-86.0,877.0
448,461,2014-01-30,528.0,82.0,3,-86.0,876.0
449,462,2014-01-31,529.0,83.0,3,-87.0,875.0
450,463,2014-02-01,530.0,83.0,3,-87.0,873.0
451,465,2014-02-02,531.0,84.0,3,-87.0,872.0
452,464,2014-02-03,532.0,84.0,3,-88.0,872.0
453,466,2014-02-04,533.0,85.0,3,-87.0,871.0
454,467,2014-02-05,534.0,85.0,3,-86.0,869.0
455,468,2014-02-06,535.0,86.0,3,-88.0,868.0
456,470,2014-02-07,536.0,86.0,3,-83.0,867.0
457,469,2014-02-08,537.0,86.0,3,-83.0,865.0
458,472,2014-02-09,538.0,87.0,3,-85.0,865.0
459,476,2014-02-10,539.0,87.0,3,-85.0,864.0
460,481,2014-02-11,540.0,88.0,3,-84.0,862.0
461,482,2014-02-12,541.0,88.0,3,-84.0,861.0
462,477,2014-02-13,542.0,89.0,3,-85.0,859.0
463,486,2014-02-15,543.0,89.0,3,-84.0,858.0
464,487,2014-02-16,544.0,90.0,4,-86.0,857.0
465,490,2014-02-17,545.0,90.0,4,-85.0,856.0
466,489,2014-02-18,546.0,91.0,4,-85.0,855.0
467,488,2014-02-19,547.0,91.0,4,-85.0,853.0
468,491,2014-02-20,548.0,91.0,4,-86.0,852.0
469,492,2014-02-21,549.0,92.0,4,-87.0,851.0
470,494,2014-02-22,550.0,92.0,4,-85.0,850.0
471,495,2014-02-23,551.0,93.0,4,-85.0,848.0
472,493,2014-02-24,552.0,93.0,4,-86.0,847.0
473,496,2014-02-25,553.0,94.0,4,-84.0,845.0
474,497,2014-02-26,554.0,94.0,4,-84.0,843.0
475,499,2014-02-27,555.0,95.0,4,-85.0,843.0
476,501,2014-02-28,556.0,95.0,4,-85.0,842.0
477,498,2014-03-01,557.0,96.0,4,-85.0,840.0
478,500,2014-03-02,558.0,96.0,4,-85.0,839.0
479,502,2014-03-03,559.0,96.0,4,-85.0,838.0
480,503,2014-03-04,560.0,97.0,4,-86.0,836.0
481,504,2014-03-05,561.0,97.0,4,-85.0,835.0
482,506,2014-03-06,562.0,98.0,4,-85.0,834.0
483,505,2014-03-07,563.0,98.0,4,-87.0,833.0
484,509,2014-03-08,564.0,99.0,4,-86.0,831.0
485,508,2014-03-09,565.0,99.0,4,-85.0,830.0
486,507,2014-03-10,566.0,100.0,4,-86.0,829.0
487,510,2014-03-11,567.0,100.0,4,-86.0,827.0
488,511,2014-03-12,568.0,101.0,4,-86.0,825.0
489,512,2014-03-13,569.0,101.0,4,-85.0,825.0
490,513,2014-03-14,570.0,102.0,4,-84.0,823.0
491,515,2014-03-15,571.0,102.0,4,-84.0,821.0
492,514,2014-03-16,572.0,102.0,4,-85.0,820.0
493,516,2014-03-17,573.0,103.0,4,-84.0,819.0
494,517,2014-03-18,574.0,103.0,4,-85.0,817.0
495,518,2014-03-19,575.0,104.0,4,-82.0,816.0
496,520,2014-03-20,576.0,104.0,4,-84.0,815.0
497,519,2014-03-21,577.0,105.0,4,-84.0,813.0
498,521,2014-03-22,578.0,105.0,4,-83.0,812.0
499,522,2014-03-24,579.0,106.0,4,-82.0,811.0
500,523,2014-03-25,580.0,106.0,4,-83.0,810.0
501,524,2014-03-26,581.0,107.0,4,-84.0,808.0
502,525,2014-03-27,582.0,107.0,4,-84.0,807.0
503,526,2014-03-28,583.0,108.0,4,-82.0,806.0
504,528,2014-03-29,584.0,108.0,4,-82.0,804.0
505,527,2014-03-30,585.0,109.0,4,-83.0,802.0
506,529,2014-03-31,586.0,109.0,4,-82.0,802.0
507,530,2014-04-01,587.0,109.0,4,-85.0,801.0
508,532,2014-04-02,588.0,110.0,4,-84.0,799.0
509,531,2014-04-03,589.0,110.0,4,-85.0,798.0
510,535,2014-04-04,590.0,111.0,4,-82.0,797.0
511,533,2014-04-05,591.0,111.0,4,-82.0,795.0
512,534,2014-04-06,592.0,112.0,4,-83.0,795.0
513,536,2014-04-07,593.0,112.0,4,-83.0,795.0
514,537,2014-04-08,594.0,113.0,4,-83.0,793.0
515,538,2014-04-09,595.0,113.0,4,-83.0,792.0
516,539,2014-04-10,596.0,114.0,4,-82.0,791.0
517,540,2014-04-11,597.0,114.0,4,-84.0,790.0
518,542,2014-04-12,598.0,115.0,4,-84.0,787.0
519,543,2014-04-13,599.0,115.0,4,-84.0,788.0
520,541,2014-04-14,600.0,116.0,4,-81.0,787.0
521,544,2014-04-15,601.0,116.0,4,-82.0,785.0
522,545,2014-04-16,602.0,117.0,4,-82.0,784.0
523,548,2014-04-17,603.0,117.0,4,-83.0,783.0
524,546,2014-04-18,604.0,118.0,4,-84.0,782.0
525,547,2014-04-19,605.0,118.0,4,-83.0,781.0
526,549,2014-04-20,606.0,118.0,4,-84.0,780.0
527,550,2014-04-21,607.0,119.0,4,-83.0,779.0
528,551,2014-04-22,608.0,119.0,4,-85.0,777.0
529,552,2014-04-23,609.0,120.0,5,-84.0,777.0
530,554,2014-04-24,610.0,120.0,5,-85.0,776.0
531,555,2014-04-25,611.0,121.0,5,-84.0,775.0
532,553,2014-04-26,612.0,121.0,5,-85.0,774.0
533,556,2014-04-27,613.0,122.0,5,-84.0,773.0
534,557,2014-04-28,614.0,122.0,5,-82.0,772.0
535,558,2014-04-29,615.0,123.0,5,-83.0,771.0
536,559,2014-05-01,616.0,123.0,5,-82.0,769.0
537,561,2014-05-02,617.0,124.0,5,-84.0,769.0
538,562,2014-05-03,618.0,124.0,5,-83.0,769.0
539,560,2014-05-04,619.0,125.0,5,-82.0,766.0
540,563,2014-05-05,620.0,125.0,5,-83.0,765.0
541,564,2014-05-06,621.0,126.0,5,-82.0,765.0
542,565,2014-05-07,622.0,126.0,5,-84.0,763.0
543,566,2014-05-08,623.0,127.0,5,-83.0,763.0
544,568,2014-05-09,624.0,127.0,5,-82.0,762.0
545,569,2014-05-10,625.0,128.0,5,-81.0,761.0
546,567,2014-05-11,626.0,128.0,5,-82.0,760.0
547,570,2014-05-12,627.0,129.0,5,-82.0,759.0
548,571,2014-05-13,628.0,129.0,5,-81.0,759.0
549,572,2014-05-14,629.0,130.0,5,-84.0,759.0
550,573,2014-05-15,630.0,130.0,5,-82.0,757.0
551,576,2014-05-16,631.0,131.0,5,-81.0,756.0
552,575,2014-05-17,632.0,131.0,5,-79.0,755.0
553,574,2014-05-18,633.0,132.0,5,-81.0,754.0
554,577,2014-05-19,634.0,132.0,5,-82.0,753.0
555,578,2014-05-20,635.0,133.0,5,-82.0,754.0
556,582,2014-05-21,636.0,133.0,5,-81.0,752.0
557,580,2014-05-22,637.0,134.0,5,-80.0,752.0
558,579,2014-05-23,638.0,134.0,5,-80.0,751.0
559,581,2014-05-24,639.0,135.0,5,-80.0,750.0
560,583,2014-05-25,640.0,135.0,5,-81.0,750.0
561,584,2014-05-26,641.0,136.0,5,-81.0,749.0
562,585,2014-05-27,642.0,136.0,5,-80.0,749.0
563,586,2014-05-28,643.0,137.0,5,-80.0,748.0
564,588,2014-05-29,644.0,137.0,5,-80.0,748.0
565,589,2014-05-30,645.0,138.0,5,-81.0,746.0
566,587,2014-05-31,646.0,138.0,5,-81.0,746.0
567,590,2014-06-01,647.0,139.0,5,-79.0,746.0
568,591,2014-06-02,648.0,139.0,5,-80.0,746.0
569,592,2014-06-03,649.0,140.0,5,-79.0,745.0
570,593,2014-06-04,650.0,140.0,5,-80.0,743.0
571,595,2014-06-05,651.0,141.0,5,-80.0,743.0
572,594,2014-06-07,652.0,141.0,5,-79.0,745.0
573,596,2014-06-08,653.0,142.0,5,-80.0,744.0
574,597,2014-06-09,654.0,142.0,5,-79.0,742.0
575,598,2014-06-10,655.0,143.0,5,-77.0,741.0
576,599,2014-06-11,656.0,143.0,5,-80.0,740.0
577,600,2014-06-12,657.0,144.0,5,-79.0,739.0
578,602,2014-06-13,658.0,144.0,5,-79.0,739.0
579,603,2014-06-14,659.0,145.0,5,-77.0,738.0
580,601,2014-06-15,660.0,145.0,5,-78.0,735.0
581,604,2014-06-16,661.0,146.0,5,-76.0,735.0
582,605,2014-06-17,662.0,146.0,5,-77.0,735.0
583,609,2014-06-18,663.0,147.0,5,-77.0,734.0
584,607,2014-06-19,664.0,147.0,5,-78.0,732.0
585,610,2014-06-20,665.0,148.0,5,-78.0,735.0
586,608,2014-06-21,666.0,148.0,5,-77.0,736.0
587,606,2014-06-22,667.0,149.0,5,-76.0,736.0
588,611,2014-06-23,668.0,150.0,6,-75.0,734.0
589,613,2014-06-24,669.0,150.0,6,-84.0,735.0
590,612,2014-06-25,670.0,151.0,6,-79.0,737.0
591,614,2014-06-26,671.0,151.0,6,-79.0,740.0
592,615,2014-06-27,672.0,152.0,6,-78.0,739.0
593,616,2014-06-28,673.0,152.0,6,-78.0,738.0
594,617,2014-06-29,674.0,153.0,6,-80.0,739.0
595,618,2014-06-30,675.0,153.0,6,-80.0,740.0
596,619,2014-07-01,676.0,154.0,6,-80.0,738.0
597,622,2014-07-02,677.0,154.0,6,-78.0,737.0
598,621,2014-07-03,678.0,155.0,6,-77.0,739.0
599,624,2014-07-04,679.0,155.0,6,-77.0,738.0
600,620,2014-07-05,680.0,156.0,6,-76.0,740.0
601,623,2014-07-06,681.0,156.0,6,-79.0,738.0
602,625,2014-07-07,682.0,157.0,6,-77.0,739.0
603,626,2014-07-08,683.0,158.0,6,-79.0,741.0
604,627,2014-07-09,684.0,158.0,6,-75.0,741.0
605,628,2014-07-10,685.0,159.0,6,-77.0,740.0
606,629,2014-07-11,686.0,159.0,6,-76.0,738.0
607,630,2014-07-12,687.0,160.0,6,-77.0,739.0
608,631,2014-07-14,688.0,160.0,6,-77.0,741.0
609,632,2014-07-15,689.0,161.0,6,-76.0,742.0
610,633,2014-07-16,690.0,161.0,6,-77.0,741.0
611,634,2014-07-17,691.0,162.0,6,-76.0,741.0
612,637,2014-07-18,692.0,162.0,6,-76.0,742.0
613,636,2014-07-19,693.0,163.0,6,-76.0,741.0
614,635,2014-07-20,694.0,164.0,6,-75.0,740.0
615,638,2014-07-21,695.0,164.0,6,-76.0,741.0
616,639,2014-07-22,696.0,165.0,6,-75.0,743.0
617,640,2014-07-23,697.0,165.0,6,-74.0,743.0
618,641,2014-07-24,698.0,166.0,6,-77.0,743.0
619,642,2014-07-25,699.0,166.0,6,-76.0,744.0
620,643,2014-07-26,700.0,167.0,6,-75.0,745.0
621,644,2014-07-27,701.0,167.0,6,-77.0,745.0
622,645,2014-07-28,702.0,168.0,6,-76.0,745.0
623,646,2014-07-29,703.0,169.0,6,-75.0,747.0
624,647,2014-07-30,704.0,169.0,6,-75.0,747.0
625,648,2014-07-31,705.0,170.0,6,-76.0,746.0
626,650,2014-08-01,706.0,170.0,6,-76.0,748.0
627,651,2014-08-02,707.0,171.0,6,-76.0,749.0
628,649,2014-08-03,708.0,171.0,6,-76.0,749.0
629,652,2014-08-04,709.0,172.0,6,-73.0,750.0
630,653,2014-08-05,710.0,172.0,6,-77.0,751.0
631,654,2014-08-06,711.0,173.0,6,-75.0,751.0
632,658,2014-08-07,712.0,174.0,6,-77.0,752.0
633,656,2014-08-08,713.0,174.0,6,-76.0,754.0
634,655,2014-08-09,714.0,175.0,6,-76.0,754.0
635,657,2014-08-10,715.0,175.0,6,-73.0,755.0
636,659,2014-08-11,716.0,176.0,6,-75.0,755.0
637,661,2014-08-12,717.0,176.0,6,-76.0,756.0
638,660,2014-08-13,718.0,177.0,6,-77.0,757.0
639,662,2014-08-14,719.0,178.0,6,-77.0,758.0
640,663,2014-08-15,720.0,178.0,6,-74.0,760.0
641,664,2014-08-16,721.0,179.0,6,-73.0,761.0
642,665,2014-08-17,722.0,179.0,6,-74.0,760.0
643,666,2014-08-18,723.0,180.0,7,-73.0,761.0
644,667,2014-08-19,724.0,181.0,7,-74.0,763.0
645,669,2014-08-21,725.0,181.0,7,-73.0,764.0
646,668,2014-08-22,726.0,182.0,7,-75.0,766.0
647,671,2014-08-23,727.0,182.0,7,-76.0,766.0
648,670,2014-08-24,728.0,183.0,7,-74.0,766.0
649,672,2014-08-25,729.0,183.0,7,-75.0,768.0
650,676,2014-08-26,730.0,184.0,7,-76.0,770.0
651,673,2014-08-27,731.0,185.0,7,-75.0,771.0
652,677,2014-08-28,732.0,185.0,7,-75.0,773.0
653,674,2014-08-29,733.0,186.0,7,-74.0,773.0
654,675,2014-08-30,734.0,186.0,7,-73.0,776.0
655,678,2014-08-31,735.0,187.0,7,-73.0,776.0
656,679,2014-09-01,736.0,188.0,7,-76.0,776.0
657,680,2014-09-02,737.0,188.0,7,-74.0,777.0
658,681,2014-09-03,738.0,189.0,7,-75.0,778.0
659,682,2014-09-04,739.0,189.0,7,-77.0,779.0
660,685,2014-09-05,740.0,190.0,7,-76.0,782.0
661,683,2014-09-06,741.0,191.0,7,-70.0,784.0
662,684,2014-09-07,742.0,191.0,7,-72.0,784.0
663,686,2014-09-08,743.0,192.0,7,-72.0,786.0
664,687,2014-09-09,744.0,192.0,7,-75.0,786.0
665,689,2014-09-10,745.0,193.0,7,-74.0,787.0
666,688,2014-09-11,746.0,194.0,7,-76.0,788.0
667,691,2014-09-12,747.0,194.0,7,-73.0,789.0
668,690,2014-09-13,748.0,195.0,7,-71.0,791.0
669,692,2014-09-14,749.0,195.0,7,-73.0,794.0
670,693,2014-09-15,750.0,196.0,7,-72.0,796.0
671,695,2014-09-16,751.0,197.0,7,-72.0,797.0
672,694,2014-09-17,752.0,197.0,7,-71.0,798.0
673,698,2014-09-18,753.0,198.0,7,-73.0,800.0
674,696,2014-09-19,754.0,198.0,7,-73.0,802.0
675,697,2014-09-20,755.0,199.0,7,-74.0,806.0
676,699,2014-09-21,756.0,200.0,7,-73.0,806.0
677,700,2014-09-22,757.0,200.0,7,-73.0,807.0
678,701,2014-09-23,758.0,201.0,7,-71.0,810.0
679,702,2014-09-24,759.0,201.0,7,-77.0,809.0
680,704,2014-09-25,760.0,202.0,7,-70.0,810.0
681,705,2014-09-27,761.0,203.0,7,-72.0,814.0
682,703,2014-09-28,762.0,203.0,7,-75.0,814.0
683,706,2014-09-29,763.0,204.0,7,-78.0,817.0
684,707,2014-09-30,764.0,205.0,7,-73.0,821.0
685,708,2014-10-01,765.0,205.0,7,-73.0,820.0
686,709,2014-10-02,766.0,206.0,7,-70.0,824.0
687,710,2014-10-03,767.0,206.0,7,-71.0,824.0
688,712,2014-10-04,768.0,207.0,7,-73.0,826.0
689,711,2014-10-05,769.0,208.0,7,-73.0,829.0
690,713,2014-10-06,770.0,208.0,7,-70.0,829.0
691,714,2014-10-07,771.0,209.0,7,-71.0,836.0
692,715,2014-10-08,772.0,210.0,8,-71.0,835.0
693,716,2014-10-09,773.0,210.0,8,-70.0,838.0
694,719,2014-10-10,774.0,211.0,8,-73.0,838.0
695,717,2014-10-11,775.0,211.0,8,-71.0,838.0
696,718,2014-10-12,776.0,212.0,8,-72.0,841.0
697,720,2014-10-13,777.0,213.0,8,-72.0,841.0
698,721,2014-10-14,778.0,213.0,8,-70.0,846.0
699,722,2014-10-15,779.0,214.0,8,-71.0,845.0
700,723,2014-10-16,780.0,215.0,8,-72.0,852.0
701,725,2014-10-17,781.0,215.0,8,-74.0,849.0
702,724,2014-10-18,782.0,216.0,8,-71.0,854.0
703,727,2014-10-19,783.0,216.0,8,-69.0,853.0
704,726,2014-10-20,784.0,217.0,8,-69.0,857.0
705,728,2014-10-21,785.0,218.0,8,-74.0,858.0
706,729,2014-10-22,786.0,218.0,8,-74.0,861.0
707,732,2014-10-23,787.0,219.0,8,-73.0,860.0
708,731,2014-10-24,788.0,220.0,8,-68.0,862.0
709,730,2014-10-25,789.0,220.0,8,-68.0,862.0
710,733,2014-10-26,790.0,221.0,8,-68.0,864.0
711,734,2014-10-27,791.0,222.0,8,-70.0,867.0
712,735,2014-10-28,792.0,222.0,8,-71.0,873.0
713,736,2014-10-29,793.0,223.0,8,-71.0,877.0
714,739,2014-10-30,794.0,223.0,8,-68.0,874.0
715,738,2014-10-31,795.0,224.0,8,-68.0,875.0
716,737,2014-11-01,796.0,225.0,8,-65.0,877.0
717,740,2014-11-03,797.0,225.0,8,-65.0,879.0
718,741,2014-11-04,798.0,226.0,8,-67.0,883.0
719,743,2014-11-05,799.0,227.0,8,-70.0,884.0
720,742,2014-11-06,800.0,227.0,8,-67.0,884.0
721,746,2014-11-07,801.0,228.0,8,-70.0,884.0
722,745,2014-11-08,802.0,229.0,8,-69.0,887.0
723,744,2014-11-09,803.0,229.0,8,-69.0,888.0
724,747,2014-11-10,804.0,230.0,8,-73.0,891.0
725,748,2014-11-11,805.0,231.0,8,-70.0,893.0
726,750,2014-11-12,806.0,231.0,8,-69.0,893.0
727,749,2014-11-13,807.0,232.0,8,-71.0,892.0
728,752,2014-11-14,808.0,232.0,8,-67.0,893.0
729,753,2014-11-15,809.0,233.0,8,-70.0,895.0
730,751,2014-11-16,810.0,234.0,8,-69.0,897.0
731,754,2014-11-17,811.0,234.0,8,-71.0,900.0
732,755,2014-11-18,812.0,235.0,8,-75.0,902.0
733,756,2014-11-19,813.0,236.0,8,-67.0,904.0
734,757,2014-11-20,814.0,236.0,8,-68.0,902.0
735,759,2014-11-21,815.0,237.0,8,-69.0,905.0
736,758,2014-11-22,816.0,238.0,8,-74.0,909.0
737,761,2014-11-23,817.0,238.0,8,-69.0,913.0
738,760,2014-11-24,818.0,239.0,8,-68.0,914.0
739,763,2014-11-25,819.0,240.0,9,-71.0,913.0
740,765,2014-11-26,820.0,240.0,9,-68.0,910.0
741,762,2014-11-27,821.0,241.0,9,-68.0,910.0
742,764,2014-11-28,822.0,242.0,9,-71.0,911.0
743,766,2014-11-29,823.0,242.0,9,-69.0,912.0
744,768,2014-11-30,824.0,243.0,9,-67.0,914.0
745,767,2014-12-01,825.0,243.0,9,-67.0,914.0
746,770,2014-12-02,826.0,244.0,9,-68.0,914.0
747,769,2014-12-03,827.0,245.0,9,-68.0,911.0
748,771,2014-12-04,828.0,245.0,9,-71.0,914.0
749,773,2014-12-05,829.0,246.0,9,-71.0,914.0
750,772,2014-12-06,830.0,247.0,9,-68.0,918.0
751,774,2014-12-07,831.0,247.0,9,-68.0,920.0
752,775,2014-12-08,832.0,248.0,9,-68.0,924.0
753,776,2014-12-09,833.0,249.0,9,-69.0,923.0
754,777,2014-12-11,834.0,249.0,9,-68.0,918.0
755,780,2014-12-12,835.0,250.0,9,-69.0,917.0
756,778,2014-12-13,836.0,251.0,9,-69.0,916.0
757,779,2014-12-14,837.0,251.0,9,-69.0,916.0
758,782,2014-12-15,838.0,252.0,9,-69.0,917.0
759,781,2014-12-16,839.0,253.0,9,-70.0,917.0
760,783,2014-12-17,840.0,253.0,9,-74.0,913.0
761,784,2014-12-18,841.0,254.0,9,-75.0,914.0
762,790,2014-12-19,842.0,255.0,9,-69.0,914.0
763,793,2014-12-20,843.0,255.0,9,-69.0,916.0
764,788,2014-12-21,844.0,256.0,9,-68.0,917.0
765,786,2014-12-22,845.0,257.0,9,-73.0,920.0
766,785,2014-12-23,846.0,257.0,9,-74.0,925.0
767,791,2014-12-24,847.0,258.0,9,-69.0,918.0
768,792,2014-12-25,848.0,258.0,9,-69.0,918.0
769,787,2014-12-26,849.0,259.0,9,-69.0,918.0
770,789,2014-12-27,850.0,260.0,9,-68.0,918.0
771,794,2014-12-28,851.0,260.0,9,-68.0,919.0
772,797,2014-12-29,852.0,261.0,9,-73.0,916.0
773,796,2014-12-30,853.0,262.0,9,-67.0,913.0
774,798,2014-12-31,854.0,262.0,9,-66.0,910.0
775,799,2015-01-01,855.0,263.0,9,-69.0,912.0
776,795,2015-01-02,856.0,264.0,9,-68.0,912.0
777,801,2015-01-03,857.0,264.0,9,-76.0,911.0
778,800,2015-01-04,858.0,265.0,9,-73.0,913.0
779,802,2015-01-05,859.0,266.0,9,-72.0,915.0
780,803,2015-01-06,860.0,266.0,9,-69.0,916.0
781,804,2015-01-07,861.0,267.0,9,-70.0,917.0
782,807,2015-01-08,862.0,268.0,9,-70.0,917.0
783,805,2015-01-09,863.0,268.0,9,-72.0,916.0
784,806,2015-01-10,864.0,269.0,9,-70.0,914.0
785,808,2015-01-11,865.0,270.0,10,-70.0,913.0
786,809,2015-01-12,866.0,270.0,10,-71.0,911.0
787,810,2015-01-13,867.0,271.0,10,-71.0,910.0
788,811,2015-01-14,868.0,271.0,10,-71.0,908.0
789,812,2015-01-15,869.0,272.0,10,-72.0,906.0
790,813,2015-01-17,870.0,273.0,10,-74.0,909.0
791,814,2015-01-18,871.0,273.0,10,-70.0,903.0
792,815,2015-01-19,872.0,274.0,10,-72.0,902.0
793,817,2015-01-28,881.0,280.0,10,-73.0,899.0
794,818,2015-01-29,882.0,280.0,10,-76.0,901.0
795,820,2015-01-30,883.0,281.0,10,-74.0,897.0
796,821,2015-01-31,884.0,282.0,10,-71.0,897.0
797,819,2015-02-01,885.0,282.0,10,-71.0,895.0
798,823,2015-02-02,886.0,283.0,10,-73.0,894.0
799,822,2015-02-03,887.0,284.0,10,-73.0,897.0
800,824,2015-02-04,888.0,284.0,10,-70.0,896.0
801,825,2015-02-05,889.0,285.0,10,-70.0,895.0
802,826,2015-02-06,890.0,286.0,10,-72.0,892.0
803,827,2015-02-07,891.0,286.0,10,-72.0,892.0
804,828,2015-02-08,892.0,287.0,10,-71.0,892.0
805,829,2015-02-09,893.0,287.0,10,-72.0,890.0
806,830,2015-02-10,894.0,288.0,10,-75.0,891.0
807,831,2015-02-11,895.0,289.0,10,-72.0,889.0
808,833,2015-02-12,896.0,289.0,10,-70.0,888.0
809,832,2015-02-13,897.0,290.0,10,-72.0,884.0
810,834,2015-02-14,898.0,291.0,10,-72.0,883.0
811,835,2015-02-15,899.0,291.0,10,-75.0,881.0
812,836,2015-02-16,900.0,292.0,10,-70.0,883.0
813,837,2015-02-17,901.0,292.0,10,-71.0,885.0
814,838,2015-02-18,902.0,293.0,10,-68.0,883.0
815,839,2015-02-19,903.0,294.0,10,-71.0,882.0
816,841,2015-02-20,904.0,294.0,10,-71.0,878.0
817,840,2015-02-21,905.0,295.0,10,-71.0,880.0
818,843,2015-02-22,906.0,296.0,10,-76.0,878.0
819,842,2015-02-24,907.0,296.0,10,-75.0,879.0
820,844,2015-02-25,908.0,297.0,10,-71.0,883.0
821,845,2015-02-26,909.0,297.0,10,-70.0,878.0
822,847,2015-02-27,910.0,298.0,10,-73.0,878.0
823,846,2015-02-28,911.0,299.0,10,-70.0,874.0
824,849,2015-03-01,912.0,299.0,10,-75.0,875.0
825,848,2015-03-02,913.0,300.0,11,-71.0,871.0
826,850,2015-03-03,914.0,300.0,11,-71.0,874.0
827,851,2015-03-04,915.0,301.0,11,-71.0,878.0
828,852,2015-03-05,916.0,302.0,11,-71.0,872.0
829,854,2015-03-06,917.0,302.0,11,-76.0,871.0
830,853,2015-03-07,918.0,303.0,11,-71.0,867.0
831,855,2015-03-08,919.0,304.0,11,-74.0,870.0
832,856,2015-03-09,920.0,304.0,11,-72.0,868.0
833,857,2015-03-10,921.0,305.0,11,-70.0,867.0
834,858,2015-03-11,922.0,305.0,11,-73.0,870.0
835,859,2015-03-12,923.0,306.0,11,-72.0,867.0
836,861,2015-03-13,924.0,307.0,11,-74.0,867.0
837,860,2015-03-14,925.0,307.0,11,-71.0,862.0
838,862,2015-03-15,926.0,308.0,11,-76.0,864.0
839,863,2015-03-16,927.0,308.0,11,-76.0,862.0
840,864,2015-03-17,928.0,309.0,11,-72.0,862.0
841,865,2015-03-18,929.0,310.0,11,-75.0,866.0
842,868,2015-03-19,930.0,310.0,11,-75.0,865.0
843,867,2015-03-20,931.0,311.0,11,-69.0,864.0
844,866,2015-03-21,932.0,311.0,11,-71.0,859.0
845,869,2015-03-22,933.0,312.0,11,-71.0,863.0
846,870,2015-03-23,934.0,313.0,11,-73.0,858.0
847,872,2015-03-24,935.0,313.0,11,-75.0,862.0
848,871,2015-03-25,936.0,314.0,11,-72.0,865.0
849,874,2015-03-26,937.0,314.0,11,-73.0,863.0
850,876,2015-03-29,940.0,316.0,11,-73.0,861.0
851,875,2015-03-30,941.0,317.0,11,-74.0,857.0
852,880,2015-03-31,942.0,317.0,11,-74.0,857.0
853,877,2015-04-02,943.0,318.0,11,-73.0,854.0
854,878,2015-04-03,944.0,318.0,11,-70.0,852.0
855,881,2015-04-04,945.0,319.0,11,-72.0,851.0
856,879,2015-04-05,946.0,320.0,11,-77.0,850.0
857,882,2015-04-06,947.0,320.0,11,-70.0,853.0
858,883,2015-04-07,948.0,321.0,11,-73.0,854.0
859,884,2015-04-08,949.0,321.0,11,-72.0,851.0
860,885,2015-04-09,950.0,322.0,11,-73.0,850.0
861,888,2015-04-10,951.0,323.0,11,-75.0,849.0
862,886,2015-04-11,952.0,323.0,11,-69.0,847.0
863,887,2015-04-12,953.0,324.0,11,-71.0,847.0
864,889,2015-04-13,954.0,324.0,11,-73.0,847.0
865,892,2015-04-17,958.0,327.0,11,-74.0,848.0
866,891,2015-04-18,959.0,327.0,11,-78.0,846.0
867,893,2015-04-19,960.0,328.0,11,-76.0,846.0
868,895,2015-04-20,961.0,328.0,11,-71.0,849.0
869,894,2015-04-21,962.0,329.0,11,-73.0,845.0
870,896,2015-04-22,963.0,329.0,11,-71.0,850.0
871,897,2015-04-23,964.0,330.0,12,-72.0,847.0
872,898,2015-04-24,965.0,331.0,12,-75.0,847.0
873,900,2015-04-25,966.0,331.0,12,-73.0,850.0
874,899,2015-04-26,967.0,332.0,12,-74.0,844.0
875,901,2015-04-27,968.0,332.0,12,-71.0,848.0
876,902,2015-04-28,969.0,333.0,12,-72.0,844.0
877,903,2015-04-29,970.0,333.0,12,-71.0,849.0
878,906,2015-04-30,971.0,334.0,12,-71.0,848.0
879,904,2015-05-01,972.0,334.0,12,-73.0,847.0
880,905,2015-05-02,973.0,335.0,12,-72.0,844.0
881,907,2015-05-03,974.0,336.0,12,-73.0,842.0
882,908,2015-05-04,975.0,336.0,12,-73.0,843.0
883,909,2015-05-05,976.0,337.0,12,-75.0,842.0
884,910,2015-05-06,977.0,337.0,12,-75.0,841.0
885,913,2015-05-07,978.0,338.0,12,-73.0,842.0
886,912,2015-05-09,979.0,338.0,12,-79.0,841.0
887,911,2015-05-10,980.0,339.0,12,-73.0,840.0
888,914,2015-05-11,981.0,339.0,12,-73.0,841.0
889,917,2015-05-12,982.0,340.0,12,-74.0,840.0
890,916,2015-05-13,983.0,340.0,12,-76.0,840.0
891,915,2015-05-14,984.0,341.0,12,-74.0,840.0
892,918,2015-05-15,985.0,342.0,12,-78.0,840.0
893,919,2015-05-16,986.0,342.0,12,-74.0,840.0
894,920,2015-05-17,987.0,343.0,12,-74.0,839.0
895,922,2015-05-18,988.0,343.0,12,-75.0,840.0
896,921,2015-05-19,989.0,344.0,12,-74.0,841.0
897,923,2015-05-20,990.0,344.0,12,-76.0,839.0
898,926,2015-05-21,991.0,345.0,12,-73.0,840.0
899,924,2015-05-22,992.0,345.0,12,-73.0,842.0
900,927,2015-05-23,993.0,346.0,12,-73.0,840.0
901,925,2015-05-24,994.0,346.0,12,-79.0,842.0
902,929,2015-05-25,995.0,347.0,12,-74.0,842.0
903,928,2015-05-26,996.0,348.0,12,-72.0,842.0
904,930,2015-05-27,997.0,348.0,12,-74.0,843.0
905,931,2015-05-28,998.0,349.0,12,-73.0,842.0
906,932,2015-05-30,1000.0,350.0,12,-74.0,841.0
907,933,2015-05-31,1001.0,350.0,12,-79.0,843.0
908,936,2015-06-01,1002.0,351.0,12,-77.0,844.0
909,934,2015-06-02,1003.0,351.0,12,-74.0,843.0
910,935,2015-06-03,1004.0,352.0,12,-74.0,842.0
911,939,2015-06-04,1005.0,352.0,12,-75.0,843.0
912,941,2015-06-05,1006.0,353.0,12,-78.0,844.0
913,937,2015-06-06,1007.0,353.0,12,-79.0,845.0
914,940,2015-06-07,1008.0,354.0,12,-79.0,844.0
915,946,2015-06-08,1009.0,354.0,12,-75.0,845.0
916,947,2015-06-09,1010.0,355.0,12,-74.0,846.0
917,948,2015-06-10,1011.0,355.0,12,-78.0,845.0
918,949,2015-06-11,1012.0,356.0,12,-81.0,846.0
919,953,2015-06-12,1013.0,356.0,12,-80.0,846.0
920,950,2015-06-13,1014.0,357.0,12,-77.0,846.0
921,951,2015-06-14,1015.0,357.0,12,-75.0,847.0
922,952,2015-06-16,1016.0,358.0,12,-76.0,847.0
923,955,2015-06-17,1017.0,359.0,12,-78.0,850.0
924,956,2015-06-18,1018.0,359.0,12,-79.0,850.0
925,954,2015-06-19,1019.0,0.0,1,-81.0,849.0
926,938,2015-06-20,1020.0,0.0,1,-63.0,832.0
927,942,2015-06-21,1021.0,1.0,1,-76.0,850.0
928,944,2015-06-22,1022.0,1.0,1,-75.0,852.0
929,943,2015-06-23,1023.0,2.0,1,-76.0,851.0
930,945,2015-06-24,1024.0,2.0,1,-76.0,851.0
931,958,2015-06-25,1025.0,3.0,1,-74.0,851.0
932,957,2015-06-26,1026.0,3.0,1,-78.0,851.0
933,960,2015-06-28,1028.0,4.0,1,-75.0,853.0
934,959,2015-06-29,1029.0,5.0,1,-75.0,856.0
935,961,2015-06-30,1030.0,5.0,1,-77.0,855.0
936,963,2015-07-01,1031.0,6.0,1,-76.0,854.0
937,962,2015-07-02,1032.0,6.0,1,-74.0,854.0
938,965,2015-07-03,1033.0,7.0,1,-77.0,856.0
939,964,2015-07-04,1034.0,7.0,1,-76.0,859.0
940,966,2015-07-05,1035.0,8.0,1,-77.0,857.0
941,967,2015-07-06,1036.0,8.0,1,-76.0,856.0
942,968,2015-07-07,1037.0,9.0,1,-80.0,856.0
943,969,2015-07-08,1038.0,9.0,1,-76.0,858.0
944,970,2015-07-09,1039.0,10.0,1,-77.0,857.0
945,972,2015-07-10,1040.0,10.0,1,-77.0,858.0
946,971,2015-07-11,1041.0,11.0,1,-77.0,859.0
947,973,2015-07-12,1042.0,11.0,1,-76.0,859.0
948,974,2015-07-13,1043.0,12.0,1,-77.0,860.0
949,975,2015-07-14,1044.0,12.0,1,-79.0,860.0
950,978,2015-07-15,1045.0,13.0,1,-80.0,861.0
951,979,2015-07-16,1046.0,13.0,1,-77.0,862.0
952,977,2015-07-17,1047.0,14.0,1,-77.0,863.0
953,976,2015-07-18,1048.0,14.0,1,-78.0,864.0
954,980,2015-07-19,1049.0,15.0,1,-75.0,864.0
955,981,2015-07-20,1050.0,15.0,1,-76.0,863.0
956,983,2015-07-21,1051.0,16.0,1,-76.0,864.0
957,982,2015-07-23,1052.0,16.0,1,-78.0,865.0
958,984,2015-07-24,1053.0,17.0,1,-79.0,865.0
959,985,2015-07-25,1054.0,17.0,1,-77.0,867.0
960,987,2015-07-26,1055.0,17.0,1,-77.0,868.0
961,986,2015-07-27,1056.0,18.0,1,-76.0,868.0
962,988,2015-07-28,1057.0,18.0,1,-78.0,867.0
963,989,2015-07-29,1058.0,19.0,1,-78.0,868.0
964,990,2015-07-30,1059.0,19.0,1,-78.0,870.0
965,992,2015-07-31,1060.0,20.0,1,-78.0,870.0
966,993,2015-08-01,1061.0,20.0,1,-77.0,871.0
967,991,2015-08-02,1062.0,21.0,1,-77.0,871.0
968,994,2015-08-03,1063.0,21.0,1,-79.0,871.0
969,996,2015-08-04,1064.0,22.0,1,-77.0,871.0
970,995,2015-08-05,1065.0,22.0,1,-78.0,873.0
971,997,2015-08-06,1066.0,23.0,1,-78.0,875.0
972,998,2015-08-07,1067.0,23.0,1,-79.0,875.0
973,1000,2015-08-08,1068.0,24.0,1,-76.0,874.0
974,999,2015-08-09,1069.0,24.0,1,-77.0,876.0
975,1001,2015-08-10,1070.0,25.0,1,-80.0,877.0
976,1002,2015-08-11,1071.0,25.0,1,-78.0,878.0
977,1003,2015-08-12,1072.0,26.0,1,-78.0,879.0
978,1004,2015-08-13,1073.0,26.0,1,-82.0,879.0
979,1005,2015-08-14,1074.0,27.0,1,-77.0,878.0
980,1006,2015-08-15,1075.0,27.0,1,-77.0,879.0
981,1007,2015-08-16,1076.0,28.0,1,-81.0,880.0
982,1008,2015-08-17,1077.0,28.0,1,-79.0,880.0
983,1009,2015-08-18,1078.0,29.0,1,-80.0,881.0
984,1010,2015-08-19,1079.0,29.0,1,-80.0,882.0
985,1013,2015-08-20,1080.0,29.0,1,-77.0,882.0
986,1011,2015-08-21,1081.0,30.0,2,-77.0,882.0
987,1012,2015-08-22,1082.0,30.0,2,-79.0,882.0
988,1014,2015-08-23,1083.0,31.0,2,-80.0,883.0
989,1015,2015-08-24,1084.0,31.0,2,-78.0,885.0
990,1017,2015-08-25,1085.0,32.0,2,-79.0,886.0
991,1016,2015-08-26,1086.0,32.0,2,-77.0,885.0
992,1019,2015-08-27,1087.0,33.0,2,-78.0,885.0
993,1020,2015-08-29,1088.0,33.0,2,-77.0,885.0
994,1018,2015-08-30,1089.0,34.0,2,-76.0,885.0
995,1021,2015-08-31,1090.0,34.0,2,-78.0,886.0
996,1022,2015-09-01,1091.0,35.0,2,-77.0,886.0
997,1023,2015-09-02,1092.0,35.0,2,-79.0,886.0
998,1024,2015-09-03,1093.0,36.0,2,-77.0,887.0
999,1026,2015-09-04,1094.0,36.0,2,-80.0,888.0
1000,1027,2015-09-05,1095.0,36.0,2,-79.0,888.0
1001,1025,2015-09-06,1096.0,37.0,2,-79.0,888.0
1002,1028,2015-09-07,1097.0,37.0,2,-78.0,889.0
1003,1029,2015-09-08,1098.0,38.0,2,-77.0,890.0
1004,1030,2015-09-09,1099.0,38.0,2,-78.0,891.0
1005,1031,2015-09-10,1100.0,39.0,2,-79.0,890.0
1006,1034,2015-09-11,1101.0,39.0,2,-80.0,891.0
1007,1032,2015-09-12,1102.0,40.0,2,-84.0,892.0
1008,1033,2015-09-13,1103.0,40.0,2,-81.0,893.0
1009,1035,2015-09-14,1104.0,41.0,2,-79.0,893.0
1010,1036,2015-09-15,1105.0,41.0,2,-78.0,892.0
1011,1037,2015-09-16,1106.0,42.0,2,-82.0,893.0
1012,1040,2015-09-17,1107.0,42.0,2,-79.0,893.0
1013,1038,2015-09-18,1108.0,42.0,2,-78.0,895.0
1014,1039,2015-09-19,1109.0,43.0,2,-82.0,895.0
1015,1041,2015-09-20,1110.0,43.0,2,-81.0,895.0
1016,1042,2015-09-21,1111.0,44.0,2,-79.0,896.0
1017,1043,2015-09-22,1112.0,44.0,2,-80.0,895.0
1018,1044,2015-09-23,1113.0,45.0,2,-79.0,895.0
1019,1045,2015-09-24,1114.0,45.0,2,-79.0,896.0
1020,1047,2015-09-25,1115.0,46.0,2,-80.0,897.0
1021,1046,2015-09-26,1116.0,46.0,2,-79.0,898.0
1022,1048,2015-09-27,1117.0,47.0,2,-79.0,898.0
1023,1049,2015-09-28,1118.0,47.0,2,-80.0,898.0
1024,1050,2015-09-29,1119.0,48.0,2,-81.0,899.0
1025,1051,2015-09-30,1120.0,48.0,2,-80.0,900.0
1026,1052,2015-10-01,1121.0,48.0,2,-81.0,901.0
1027,1053,2015-10-02,1122.0,49.0,2,-79.0,901.0
1028,1054,2015-10-03,1123.0,49.0,2,-79.0,900.0
1029,1055,2015-10-04,1124.0,50.0,2,-80.0,900.0
1030,1056,2015-10-06,1125.0,50.0,2,-79.0,900.0
1031,1057,2015-10-07,1126.0,51.0,2,-79.0,901.0
1032,1058,2015-10-08,1127.0,51.0,2,-80.0,901.0
1033,1059,2015-10-09,1128.0,52.0,2,-79.0,902.0
1034,1060,2015-10-10,1129.0,52.0,2,-80.0,902.0
1035,1061,2015-10-11,1130.0,53.0,2,-81.0,902.0
1036,1062,2015-10-12,1131.0,53.0,2,-81.0,902.0
1037,1063,2015-10-13,1132.0,53.0,2,-82.0,902.0
1038,1064,2015-10-14,1133.0,54.0,2,-82.0,902.0
1039,1065,2015-10-15,1134.0,54.0,2,-80.0,902.0
1040,1069,2015-10-16,1135.0,55.0,2,-81.0,901.0
1041,1066,2015-10-17,1136.0,55.0,2,-82.0,901.0
1042,1068,2015-10-18,1137.0,56.0,2,-81.0,901.0
1043,1067,2015-10-19,1138.0,56.0,2,-82.0,901.0
1044,1070,2015-10-20,1139.0,57.0,2,-80.0,901.0
1045,1071,2015-10-21,1140.0,57.0,2,-81.0,901.0
1046,1072,2015-10-22,1141.0,57.0,2,-82.0,902.0
1047,1073,2015-10-23,1142.0,58.0,2,-82.0,902.0
1048,1074,2015-10-24,1143.0,58.0,2,-82.0,901.0
1049,1075,2015-10-25,1144.0,59.0,2,-82.0,902.0
1050,1076,2015-10-26,1145.0,59.0,2,-82.0,903.0
1051,1077,2015-10-27,1146.0,60.0,3,-82.0,902.0
1052,1078,2015-10-28,1147.0,60.0,3,-80.0,901.0
1053,1080,2015-10-29,1148.0,61.0,3,-80.0,901.0
1054,1079,2015-10-30,1149.0,61.0,3,-81.0,902.0
1055,1081,2015-10-31,1150.0,62.0,3,-82.0,902.0
1056,1082,2015-11-01,1151.0,62.0,3,-82.0,901.0
1057,1086,2015-11-02,1152.0,62.0,3,-80.0,901.0
1058,1083,2015-11-03,1153.0,63.0,3,-82.0,900.0
1059,1088,2015-11-04,1154.0,63.0,3,-84.0,900.0
1060,1084,2015-11-05,1155.0,64.0,3,-84.0,900.0
1061,1085,2015-11-06,1156.0,64.0,3,-84.0,900.0
1062,1087,2015-11-07,1157.0,65.0,3,-82.0,900.0
1063,1089,2015-11-08,1158.0,65.0,3,-82.0,898.0
1064,1090,2015-11-09,1159.0,66.0,3,-82.0,898.0
1065,1091,2015-11-10,1160.0,66.0,3,-80.0,899.0
1066,1092,2015-11-12,1161.0,66.0,3,-83.0,898.0
1067,1093,2015-11-13,1162.0,67.0,3,-84.0,897.0
1068,1094,2015-11-14,1163.0,67.0,3,-86.0,896.0
1069,1095,2015-11-15,1164.0,68.0,3,-86.0,896.0
1070,1096,2015-11-16,1165.0,68.0,3,-84.0,897.0
1071,1097,2015-11-17,1166.0,69.0,3,-84.0,895.0
1072,1098,2015-11-18,1167.0,69.0,3,-84.0,894.0
1073,1102,2015-11-19,1168.0,70.0,3,-84.0,894.0
1074,1100,2015-11-20,1169.0,70.0,3,-89.0,894.0
1075,1101,2015-11-21,1170.0,71.0,3,-85.0,893.0
1076,1099,2015-11-22,1171.0,71.0,3,-87.0,892.0
1077,1104,2015-11-23,1172.0,71.0,3,-87.0,892.0
1078,1103,2015-11-24,1173.0,72.0,3,-87.0,892.0
1079,1105,2015-11-25,1174.0,72.0,3,-85.0,891.0
1080,1106,2015-11-26,1175.0,73.0,3,-85.0,890.0
1081,1107,2015-11-27,1176.0,73.0,3,-84.0,890.0
1082,1108,2015-11-28,1177.0,74.0,3,-84.0,888.0
1083,1109,2015-11-29,1178.0,74.0,3,-86.0,888.0
1084,1110,2015-11-30,1179.0,75.0,3,-85.0,887.0
1085,1111,2015-12-01,1180.0,75.0,3,-86.0,886.0
1086,1112,2015-12-02,1181.0,75.0,3,-86.0,885.0
1087,1114,2015-12-03,1182.0,76.0,3,-85.0,884.0
1088,1113,2015-12-04,1183.0,76.0,3,-86.0,883.0
1089,1115,2015-12-05,1184.0,77.0,3,-85.0,882.0
1090,1116,2015-12-06,1185.0,77.0,3,-84.0,881.0
1091,1117,2015-12-07,1186.0,78.0,3,-86.0,881.0
1092,1118,2015-12-08,1187.0,78.0,3,-84.0,881.0
1093,1119,2015-12-09,1188.0,79.0,3,-90.0,881.0
1094,1120,2015-12-10,1189.0,79.0,3,-87.0,879.0
1095,1121,2015-12-11,1190.0,79.0,3,-87.0,877.0
1096,1122,2015-12-12,1191.0,80.0,3,-87.0,876.0
1097,1123,2015-12-13,1192.0,80.0,3,-86.0,876.0
1098,1124,2015-12-14,1193.0,81.0,3,-84.0,875.0
1099,1125,2015-12-15,1194.0,81.0,3,-84.0,873.0
1100,1126,2015-12-16,1195.0,82.0,3,-86.0,872.0
1101,1129,2015-12-17,1196.0,82.0,3,-86.0,871.0
1102,1127,2015-12-18,1197.0,83.0,3,-85.0,869.0
1103,1128,2015-12-20,1198.0,83.0,3,-86.0,868.0
1104,1130,2015-12-21,1199.0,84.0,3,-86.0,868.0
1105,1131,2015-12-22,1200.0,84.0,3,-84.0,866.0
1106,1132,2015-12-23,1201.0,84.0,3,-85.0,866.0
1107,1133,2015-12-24,1202.0,85.0,3,-85.0,864.0
1108,1136,2015-12-25,1203.0,85.0,3,-85.0,863.0
1109,1135,2015-12-26,1204.0,86.0,3,-84.0,862.0
1110,1134,2015-12-27,1205.0,86.0,3,-86.0,861.0
1111,1137,2015-12-28,1206.0,87.0,3,-85.0,859.0
1112,1138,2015-12-29,1207.0,87.0,3,-85.0,858.0
1113,1139,2015-12-30,1208.0,88.0,3,-85.0,857.0
1114,1141,2015-12-31,1209.0,88.0,3,-85.0,855.0
1115,1140,2016-01-01,1210.0,88.0,3,-85.0,854.0
1116,1142,2016-01-02,1211.0,89.0,3,-83.0,853.0
1117,1143,2016-01-03,1212.0,89.0,3,-86.0,851.0
1118,1145,2016-01-04,1213.0,90.0,4,-84.0,851.0
1119,1144,2016-01-05,1214.0,90.0,4,-85.0,849.0
1120,1146,2016-01-06,1215.0,91.0,4,-85.0,848.0
1121,1147,2016-01-07,1216.0,91.0,4,-86.0,847.0
1122,1148,2016-01-08,1217.0,92.0,4,-88.0,846.0
1123,1149,2016-01-09,1218.0,92.0,4,-86.0,845.0
1124,1150,2016-01-10,1219.0,93.0,4,-87.0,844.0
1125,1151,2016-01-11,1220.0,93.0,4,-87.0,842.0
1126,1152,2016-01-12,1221.0,93.0,4,-87.0,841.0
1127,1153,2016-01-13,1222.0,94.0,4,-87.0,840.0
1128,1155,2016-01-14,1223.0,94.0,4,-88.0,839.0
1129,1154,2016-01-15,1224.0,95.0,4,-88.0,837.0
1130,1156,2016-01-16,1225.0,95.0,4,-87.0,836.0
1131,1157,2016-01-17,1226.0,96.0,4,-87.0,835.0
1132,1158,2016-01-18,1227.0,96.0,4,-88.0,833.0
1133,1159,2016-01-19,1228.0,97.0,4,-88.0,832.0
1134,1160,2016-01-20,1229.0,97.0,4,-88.0,831.0
1135,1161,2016-01-21,1230.0,98.0,4,-88.0,830.0
1136,1162,2016-01-22,1231.0,98.0,4,-88.0,828.0
1137,1163,2016-01-23,1232.0,99.0,4,-88.0,827.0
1138,1164,2016-01-24,1233.0,99.0,4,-88.0,826.0
1139,1166,2016-01-26,1234.0,99.0,4,-88.0,824.0
1140,1165,2016-01-27,1235.0,100.0,4,-88.0,824.0
1141,1170,2016-01-28,1236.0,100.0,4,-87.0,822.0
1142,1169,2016-01-29,1237.0,101.0,4,-88.0,820.0
1143,1167,2016-01-30,1238.0,101.0,4,-87.0,819.0
1144,1168,2016-01-31,1239.0,102.0,4,-89.0,818.0
1145,1171,2016-02-01,1240.0,102.0,4,-87.0,816.0
1146,1172,2016-02-02,1241.0,103.0,4,-87.0,816.0
1147,1173,2016-02-03,1242.0,103.0,4,-87.0,815.0
1148,1174,2016-02-04,1243.0,104.0,4,-86.0,814.0
1149,1175,2016-02-05,1244.0,104.0,4,-85.0,812.0
1150,1176,2016-02-06,1245.0,105.0,4,-86.0,811.0
1151,1178,2016-02-07,1246.0,105.0,4,-85.0,810.0
1152,1177,2016-02-08,1247.0,105.0,4,-85.0,809.0
1153,1179,2016-02-09,1248.0,106.0,4,-86.0,807.0
1154,1180,2016-02-10,1249.0,106.0,4,-85.0,806.0
1155,1182,2016-02-11,1250.0,107.0,4,-85.0,804.0
1156,1185,2016-02-12,1251.0,107.0,4,-85.0,803.0
1157,1184,2016-02-13,1252.0,108.0,4,-85.0,802.0
1158,1181,2016-02-14,1253.0,108.0,4,-85.0,800.0
1159,1183,2016-02-15,1254.0,109.0,4,-84.0,799.0
1160,1187,2016-02-16,1255.0,109.0,4,-84.0,798.0
1161,1186,2016-02-17,1256.0,110.0,4,-84.0,797.0
1162,1188,2016-02-18,1257.0,110.0,4,-84.0,794.0
1163,1189,2016-02-19,1258.0,111.0,4,-83.0,794.0
1164,1190,2016-02-20,1259.0,111.0,4,-84.0,794.0
1165,1191,2016-02-21,1260.0,112.0,4,-83.0,792.0
1166,1192,2016-02-22,1261.0,112.0,4,-81.0,790.0
1167,1193,2016-02-23,1262.0,112.0,4,-81.0,790.0
1168,1194,2016-02-24,1263.0,113.0,4,-84.0,788.0
1169,1195,2016-02-25,1264.0,113.0,4,-84.0,787.0
1170,1197,2016-02-26,1265.0,114.0,4,-81.0,787.0
1171,1196,2016-02-27,1266.0,114.0,4,-82.0,787.0
1172,1198,2016-02-28,1267.0,115.0,4,-83.0,786.0
1173,1199,2016-02-29,1268.0,115.0,4,-83.0,784.0
1174,1201,2016-03-01,1269.0,116.0,4,-83.0,782.0
1175,1200,2016-03-03,1270.0,116.0,4,-82.0,782.0
1176,1202,2016-03-04,1271.0,117.0,4,-84.0,781.0
1177,1203,2016-03-05,1272.0,117.0,4,-81.0,780.0
1178,1204,2016-03-06,1273.0,118.0,4,-79.0,778.0
1179,1205,2016-03-07,1274.0,118.0,4,-82.0,777.0
1180,1206,2016-03-08,1275.0,119.0,4,-82.0,775.0
1181,1207,2016-03-09,1276.0,119.0,4,-83.0,774.0
1182,1208,2016-03-10,1277.0,120.0,5,-84.0,774.0
1183,1210,2016-03-11,1278.0,120.0,5,-83.0,773.0
1184,1209,2016-03-12,1279.0,121.0,5,-83.0,772.0
1185,1211,2016-03-13,1280.0,121.0,5,-84.0,771.0
1186,1212,2016-03-14,1281.0,122.0,5,-83.0,769.0
1187,1213,2016-03-15,1282.0,122.0,5,-81.0,768.0
1188,1214,2016-03-16,1283.0,123.0,5,-82.0,767.0
1189,1216,2016-03-17,1284.0,123.0,5,-80.0,767.0
1190,1217,2016-03-18,1285.0,123.0,5,-80.0,766.0
1191,1215,2016-03-19,1286.0,124.0,5,-80.0,765.0
1192,1218,2016-03-20,1287.0,124.0,5,-80.0,764.0
1193,1219,2016-03-21,1288.0,125.0,5,-80.0,763.0
1194,1220,2016-03-24,1291.0,126.0,5,-80.0,760.0
1195,1222,2016-03-25,1292.0,127.0,5,-81.0,760.0
1196,1221,2016-03-26,1293.0,127.0,5,-81.0,758.0
1197,1223,2016-03-27,1294.0,128.0,5,-79.0,758.0
1198,1224,2016-03-28,1295.0,128.0,5,-79.0,757.0
1199,1226,2016-03-29,1296.0,129.0,5,-79.0,756.0
1200,1225,2016-03-30,1297.0,129.0,5,-80.0,755.0
1201,1229,2016-03-31,1298.0,130.0,5,-79.0,755.0
1202,1228,2016-04-01,1299.0,130.0,5,-80.0,753.0
1203,1227,2016-04-02,1300.0,131.0,5,-79.0,752.0
1204,1230,2016-04-03,1301.0,131.0,5,-78.0,752.0
1205,1231,2016-04-04,1302.0,132.0,5,-80.0,751.0
1206,1232,2016-04-05,1303.0,132.0,5,-78.0,751.0
1207,1233,2016-04-06,1304.0,133.0,5,-80.0,750.0
1208,1235,2016-04-07,1305.0,133.0,5,-80.0,749.0
1209,1234,2016-04-08,1306.0,134.0,5,-79.0,748.0
1210,1236,2016-04-10,1307.0,134.0,5,-80.0,748.0
1211,1237,2016-04-11,1308.0,135.0,5,-81.0,748.0
1212,1238,2016-04-12,1309.0,135.0,5,-81.0,747.0
1213,1239,2016-04-13,1310.0,136.0,5,-76.0,745.0
1214,1240,2016-04-14,1311.0,136.0,5,-78.0,745.0
1215,1243,2016-04-15,1312.0,137.0,5,-77.0,745.0
1216,1241,2016-04-16,1313.0,137.0,5,-77.0,745.0
1217,1242,2016-04-17,1314.0,138.0,5,-78.0,744.0
1218,1244,2016-04-18,1315.0,138.0,5,-77.0,744.0
1219,1245,2016-04-19,1316.0,139.0,5,-80.0,744.0
1220,1246,2016-04-20,1317.0,139.0,5,-80.0,743.0
1221,1247,2016-04-21,1318.0,140.0,5,-80.0,743.0
1222,1248,2016-04-22,1319.0,140.0,5,-78.0,742.0
1223,1250,2016-04-23,1320.0,141.0,5,-77.0,741.0
1224,1249,2016-04-24,1321.0,141.0,5,-77.0,740.0
1225,1251,2016-04-25,1322.0,142.0,5,-78.0,740.0
1226,1252,2016-04-26,1323.0,142.0,5,-77.0,738.0
1227,1253,2016-04-27,1324.0,143.0,5,-78.0,738.0
1228,1256,2016-04-28,1325.0,144.0,5,-78.0,738.0
1229,1254,2016-04-29,1326.0,144.0,5,-77.0,738.0
1230,1255,2016-04-30,1327.0,145.0,5,-76.0,736.0
1231,1257,2016-05-01,1328.0,145.0,5,-77.0,735.0
1232,1258,2016-05-02,1329.0,146.0,5,-74.0,735.0
1233,1259,2016-05-03,1330.0,146.0,5,-78.0,734.0
1234,1260,2016-05-04,1331.0,147.0,5,-76.0,734.0
1235,1262,2016-05-05,1332.0,147.0,5,-78.0,734.0
1236,1263,2016-05-06,1333.0,148.0,5,-76.0,733.0
1237,1261,2016-05-07,1334.0,148.0,5,-77.0,732.0
1238,1264,2016-05-08,1335.0,149.0,5,-77.0,732.0
1239,1265,2016-05-09,1336.0,149.0,5,-75.0,732.0
1240,1266,2016-05-10,1337.0,150.0,6,-76.0,734.0
1241,1267,2016-05-11,1338.0,150.0,6,-75.0,734.0
1242,1268,2016-05-12,1339.0,151.0,6,-77.0,733.0
1243,1269,2016-05-13,1340.0,151.0,6,-76.0,734.0
1244,1270,2016-05-14,1341.0,152.0,6,-76.0,735.0
1245,1271,2016-05-15,1342.0,152.0,6,-80.0,735.0
1246,1272,2016-05-17,1343.0,153.0,6,-74.0,735.0
1247,1273,2016-05-18,1344.0,153.0,6,-75.0,734.0
1248,1276,2016-05-19,1345.0,154.0,6,-75.0,735.0
1249,1274,2016-05-20,1346.0,155.0,6,-75.0,737.0
1250,1277,2016-05-21,1347.0,155.0,6,-75.0,736.0
1251,1275,2016-05-22,1348.0,156.0,6,-76.0,735.0
1252,1278,2016-05-23,1349.0,156.0,6,-73.0,737.0
1253,1279,2016-05-24,1350.0,157.0,6,-73.0,738.0
1254,1280,2016-05-25,1351.0,157.0,6,-72.0,739.0
1255,1283,2016-05-26,1352.0,158.0,6,-73.0,736.0
1256,1281,2016-05-27,1353.0,158.0,6,-76.0,737.0
1257,1282,2016-05-28,1354.0,159.0,6,-75.0,739.0
1258,1284,2016-05-29,1355.0,159.0,6,-75.0,740.0
1259,1286,2016-05-30,1356.0,160.0,6,-74.0,739.0
1260,1285,2016-05-31,1357.0,160.0,6,-72.0,738.0
1261,1287,2016-06-01,1358.0,161.0,6,-74.0,738.0
1262,1288,2016-06-02,1359.0,162.0,6,-76.0,739.0
1263,1289,2016-06-03,1360.0,162.0,6,-76.0,739.0
1264,1290,2016-06-04,1361.0,163.0,6,-75.0,739.0
1265,1291,2016-06-05,1362.0,163.0,6,-74.0,739.0
1266,1292,2016-06-06,1363.0,164.0,6,-75.0,740.0
1267,1293,2016-06-07,1364.0,164.0,6,-74.0,740.0
1268,1294,2016-06-08,1365.0,165.0,6,-74.0,739.0
1269,1295,2016-06-09,1366.0,165.0,6,-75.0,740.0
1270,1296,2016-06-10,1367.0,166.0,6,-74.0,743.0
1271,1297,2016-06-11,1368.0,167.0,6,-74.0,743.0
1272,1299,2016-06-12,1369.0,167.0,6,-73.0,742.0
1273,1298,2016-06-13,1370.0,168.0,6,-74.0,744.0
1274,1301,2016-06-14,1371.0,168.0,6,-75.0,746.0
1275,1300,2016-06-15,1372.0,169.0,6,-74.0,745.0
1276,1303,2016-06-16,1373.0,169.0,6,-74.0,746.0
1277,1302,2016-06-17,1374.0,170.0,6,-75.0,748.0
1278,1304,2016-06-18,1375.0,170.0,6,-73.0,749.0
1279,1305,2016-06-19,1376.0,171.0,6,-75.0,749.0
1280,1306,2016-06-20,1377.0,172.0,6,-76.0,749.0
1281,1308,2016-06-21,1378.0,172.0,6,-76.0,751.0
1282,1307,2016-06-23,1379.0,173.0,6,-77.0,751.0
1283,1311,2016-06-24,1380.0,173.0,6,-74.0,751.0
1284,1309,2016-06-25,1381.0,174.0,6,-73.0,751.0
1285,1310,2016-06-26,1382.0,174.0,6,-76.0,752.0
1286,1312,2016-06-27,1383.0,175.0,6,-73.0,752.0
1287,1313,2016-06-28,1384.0,176.0,6,-74.0,753.0
1288,1314,2016-06-29,1385.0,176.0,6,-75.0,755.0
1289,1315,2016-06-30,1386.0,177.0,6,-74.0,755.0
1290,1316,2016-07-01,1387.0,177.0,6,-74.0,755.0
1291,1317,2016-07-02,1388.0,178.0,6,-73.0,756.0
1292,1318,2016-07-12,1398.0,184.0,7,-66.0,751.0
1293,1319,2016-07-13,1399.0,184.0,7,-73.0,770.0
1294,1322,2016-07-14,1400.0,185.0,7,-73.0,770.0
1295,1321,2016-07-15,1401.0,185.0,7,-73.0,770.0
1296,1320,2016-07-16,1402.0,186.0,7,-75.0,771.0
1297,1323,2016-07-17,1403.0,187.0,7,-75.0,771.0
1298,1324,2016-07-18,1404.0,187.0,7,-75.0,774.0
1299,1325,2016-07-19,1405.0,188.0,7,-75.0,775.0
1300,1328,2016-07-20,1406.0,188.0,7,-76.0,775.0
1301,1329,2016-07-21,1407.0,189.0,7,-74.0,779.0
1302,1327,2016-07-22,1408.0,190.0,7,-75.0,779.0
1303,1326,2016-07-23,1409.0,190.0,7,-74.0,781.0
1304,1330,2016-07-24,1410.0,191.0,7,-72.0,782.0
1305,1331,2016-07-25,1411.0,191.0,7,-72.0,782.0
1306,1333,2016-07-26,1412.0,192.0,7,-78.0,784.0
1307,1332,2016-07-27,1413.0,193.0,7,-72.0,784.0
1308,1336,2016-07-28,1414.0,193.0,7,-73.0,785.0
1309,1334,2016-07-29,1415.0,194.0,7,-72.0,787.0
1310,1335,2016-07-31,1416.0,194.0,7,-72.0,791.0
1311,1337,2016-08-01,1417.0,195.0,7,-70.0,791.0
1312,1338,2016-08-02,1418.0,196.0,7,-73.0,793.0
1313,1339,2016-08-03,1419.0,196.0,7,-73.0,793.0
1314,1340,2016-08-04,1420.0,197.0,7,-71.0,793.0
1315,1343,2016-08-05,1421.0,197.0,7,-72.0,797.0
1316,1342,2016-08-06,1422.0,198.0,7,-72.0,798.0
1317,1341,2016-08-07,1423.0,199.0,7,-71.0,800.0
1318,1344,2016-08-08,1424.0,199.0,7,-72.0,803.0
1319,1345,2016-08-09,1425.0,200.0,7,-72.0,804.0
1320,1346,2016-08-10,1426.0,200.0,7,-71.0,803.0
1321,1347,2016-08-11,1427.0,201.0,7,-72.0,807.0
1322,1348,2016-08-12,1428.0,202.0,7,-72.0,808.0
1323,1349,2016-08-13,1429.0,202.0,7,-70.0,810.0
1324,1351,2016-08-14,1430.0,203.0,7,-69.0,810.0
1325,1350,2016-08-15,1431.0,204.0,7,-69.0,811.0
1326,1352,2016-08-16,1432.0,204.0,7,-71.0,813.0
1327,1353,2016-08-17,1433.0,205.0,7,-70.0,818.0
1328,1356,2016-08-18,1434.0,205.0,7,-70.0,818.0
1329,1355,2016-08-19,1435.0,206.0,7,-71.0,823.0
1330,1354,2016-08-20,1436.0,207.0,7,-72.0,825.0
1331,1357,2016-08-21,1437.0,207.0,7,-71.0,821.0
1332,1358,2016-08-22,1438.0,208.0,7,-68.0,823.0
1333,1360,2016-08-23,1439.0,208.0,7,-71.0,828.0
1334,1359,2016-08-24,1440.0,209.0,7,-70.0,828.0
1335,1361,2016-08-25,1441.0,210.0,8,-74.0,828.0
1336,1362,2016-08-26,1442.0,210.0,8,-68.0,829.0
1337,1363,2016-08-27,1443.0,211.0,8,-69.0,831.0
1338,1364,2016-08-28,1444.0,212.0,8,-69.0,833.0
1339,1365,2016-08-29,1445.0,212.0,8,-69.0,836.0
1340,1366,2016-08-30,1446.0,213.0,8,-70.0,841.0
1341,1367,2016-08-31,1447.0,214.0,8,-74.0,841.0
1342,1369,2016-09-01,1448.0,214.0,8,-69.0,841.0
1343,1368,2016-09-02,1449.0,215.0,8,-71.0,841.0
1344,1370,2016-09-03,1450.0,215.0,8,-69.0,842.0
1345,1371,2016-09-04,1451.0,216.0,8,-71.0,842.0
1346,1373,2016-09-06,1452.0,217.0,8,-74.0,845.0
1347,1372,2016-09-07,1453.0,217.0,8,-73.0,850.0
1348,1374,2016-09-08,1454.0,218.0,8,-69.0,854.0
1349,1377,2016-09-09,1455.0,219.0,8,-70.0,858.0
1350,1376,2016-09-10,1456.0,219.0,8,-69.0,859.0
1351,1375,2016-09-11,1457.0,220.0,8,-69.0,860.0
1352,1378,2016-09-12,1458.0,220.0,8,-69.0,859.0
1353,1379,2016-09-13,1459.0,221.0,8,-71.0,861.0
1354,1380,2016-09-14,1460.0,222.0,8,-70.0,865.0
1355,1382,2016-09-15,1461.0,222.0,8,-69.0,870.0
1356,1381,2016-09-16,1462.0,223.0,8,-68.0,871.0
1357,1383,2016-09-17,1463.0,224.0,8,-68.0,871.0
1358,1384,2016-09-18,1464.0,224.0,8,-71.0,871.0
1359,1385,2016-09-19,1465.0,225.0,8,-68.0,870.0
1360,1386,2016-09-20,1466.0,226.0,8,-67.0,873.0
1361,1387,2016-09-21,1467.0,226.0,8,-69.0,877.0
1362,1388,2016-09-22,1468.0,227.0,8,-70.0,879.0
1363,1389,2016-09-23,1469.0,228.0,8,-72.0,881.0
1364,1391,2016-09-24,1470.0,228.0,8,-70.0,879.0
1365,1392,2016-09-25,1471.0,229.0,8,-71.0,880.0
1366,1390,2016-09-26,1472.0,229.0,8,-68.0,879.0
1367,1393,2016-09-27,1473.0,230.0,8,-67.0,881.0
1368,1394,2016-09-28,1474.0,231.0,8,-68.0,889.0
1369,1396,2016-09-29,1475.0,231.0,8,-72.0,890.0
1370,1395,2016-09-30,1476.0,232.0,8,-69.0,888.0
1371,1397,2016-10-01,1477.0,233.0,8,-72.0,888.0
1372,1399,2016-10-02,1478.0,233.0,8,-68.0,887.0
1373,1398,2016-10-03,1479.0,234.0,8,-66.0,890.0
1374,1400,2016-10-04,1480.0,235.0,8,-68.0,893.0
1375,1401,2016-10-05,1481.0,235.0,8,-70.0,893.0
1376,1403,2016-10-06,1482.0,236.0,8,-68.0,893.0
1377,1402,2016-10-07,1483.0,237.0,8,-68.0,892.0
1378,1404,2016-10-08,1484.0,237.0,8,-68.0,895.0
1379,1405,2016-10-09,1485.0,238.0,8,-71.0,899.0
1380,1406,2016-10-10,1486.0,239.0,8,-71.0,901.0
1381,1407,2016-10-11,1487.0,239.0,8,-68.0,901.0
1382,1408,2016-10-12,1488.0,240.0,9,-69.0,902.0
1383,1410,2016-10-14,1489.0,240.0,9,-68.0,903.0
1384,1411,2016-10-15,1490.0,241.0,9,-66.0,904.0
1385,1409,2016-10-16,1491.0,242.0,9,-69.0,906.0
1386,1412,2016-10-17,1492.0,242.0,9,-68.0,910.0
1387,1413,2016-10-18,1493.0,243.0,9,-70.0,905.0
1388,1414,2016-10-19,1494.0,244.0,9,-70.0,904.0
1389,1416,2016-10-20,1495.0,244.0,9,-71.0,903.0
1390,1415,2016-10-21,1496.0,245.0,9,-72.0,906.0
1391,1417,2016-10-22,1497.0,246.0,9,-68.0,909.0
1392,1418,2016-10-23,1498.0,246.0,9,-68.0,907.0
1393,1419,2016-10-24,1499.0,247.0,9,-69.0,903.0
1394,1420,2016-10-25,1500.0,248.0,9,-70.0,903.0
1395,1421,2016-10-26,1501.0,248.0,9,-69.0,903.0
1396,1422,2016-10-27,1502.0,249.0,9,-69.0,907.0
1397,1424,2016-10-28,1503.0,250.0,9,-70.0,909.0
1398,1423,2016-10-29,1504.0,250.0,9,-69.0,910.0
1399,1425,2016-10-30,1505.0,251.0,9,-69.0,906.0
1400,1426,2016-10-31,1506.0,252.0,9,-71.0,907.0
1401,1427,2016-11-01,1507.0,252.0,9,-70.0,907.0
1402,1428,2016-11-02,1508.0,253.0,9,-70.0,907.0
1403,1430,2016-11-03,1509.0,254.0,9,-70.0,910.0
1404,1431,2016-11-04,1510.0,254.0,9,-70.0,908.0
1405,1429,2016-11-05,1511.0,255.0,9,-77.0,908.0
1406,1432,2016-11-06,1512.0,255.0,9,-78.0,906.0
1407,1433,2016-11-07,1513.0,256.0,9,-74.0,907.0
1408,1434,2016-11-08,1514.0,257.0,9,-73.0,906.0
1409,1435,2016-11-09,1515.0,257.0,9,-76.0,906.0
1410,1436,2016-11-10,1516.0,258.0,9,-71.0,909.0
1411,1437,2016-11-11,1517.0,259.0,9,-76.0,911.0
1412,1438,2016-11-12,1518.0,259.0,9,-78.0,909.0
1413,1440,2016-11-13,1519.0,260.0,9,-72.0,906.0
1414,1439,2016-11-14,1520.0,261.0,9,-73.0,905.0
1415,1441,2016-11-15,1521.0,261.0,9,-71.0,905.0
1416,1442,2016-11-16,1522.0,262.0,9,-71.0,905.0
1417,1443,2016-11-17,1523.0,263.0,9,-77.0,905.0
1418,1444,2016-11-18,1524.0,263.0,9,-76.0,904.0
1419,1445,2016-11-20,1525.0,264.0,9,-74.0,902.0
1420,1446,2016-11-21,1526.0,265.0,9,-72.0,900.0
1421,1449,2016-11-22,1527.0,265.0,9,-71.0,900.0
1422,1450,2016-11-23,1528.0,266.0,9,-72.0,898.0
1423,1451,2016-11-24,1529.0,267.0,9,-73.0,900.0
1424,1452,2016-11-25,1530.0,267.0,9,-71.0,899.0
1425,1447,2016-11-26,1531.0,268.0,9,-76.0,900.0
1426,1448,2016-11-27,1532.0,268.0,9,-72.0,900.0
1427,1453,2016-11-28,1533.0,269.0,9,-72.0,896.0
1428,1454,2016-11-29,1534.0,270.0,10,-73.0,898.0
1429,1455,2016-11-30,1535.0,270.0,10,-73.0,900.0
1430,1456,2016-12-01,1536.0,271.0,10,-71.0,901.0
1431,1458,2016-12-02,1537.0,272.0,10,-74.0,900.0
1432,1457,2016-12-03,1538.0,272.0,10,-73.0,898.0
1433,1459,2016-12-04,1539.0,273.0,10,-74.0,896.0
1434,1460,2016-12-05,1540.0,274.0,10,-72.0,896.0
1435,1461,2016-12-06,1541.0,274.0,10,-76.0,895.0
1436,1462,2016-12-07,1542.0,275.0,10,-73.0,895.0
1437,1464,2016-12-08,1543.0,276.0,10,-74.0,896.0
1438,1463,2016-12-09,1544.0,276.0,10,-71.0,894.0
1439,1465,2016-12-10,1545.0,277.0,10,-73.0,891.0
1440,1467,2016-12-11,1546.0,277.0,10,-73.0,889.0
1441,1466,2016-12-12,1547.0,278.0,10,-75.0,887.0
1442,1468,2016-12-13,1548.0,279.0,10,-76.0,887.0
1443,1469,2016-12-14,1549.0,279.0,10,-76.0,887.0
1444,1472,2016-12-15,1550.0,280.0,10,-71.0,888.0
1445,1471,2016-12-16,1551.0,281.0,10,-71.0,886.0
1446,1470,2016-12-17,1552.0,281.0,10,-74.0,886.0
1447,1474,2016-12-18,1553.0,282.0,10,-77.0,884.0
1448,1473,2016-12-19,1554.0,283.0,10,-70.0,882.0
1449,1477,2016-12-20,1555.0,283.0,10,-71.0,883.0
1450,1478,2016-12-21,1556.0,284.0,10,-72.0,883.0
1451,1475,2016-12-22,1557.0,284.0,10,-70.0,883.0
1452,1476,2016-12-23,1558.0,285.0,10,-72.0,880.0
1453,1484,2016-12-24,1559.0,286.0,10,-76.0,879.0
1454,1482,2016-12-25,1560.0,286.0,10,-76.0,877.0
1455,1485,2016-12-27,1561.0,287.0,10,-77.0,877.0
1456,1479,2016-12-28,1562.0,288.0,10,-73.0,877.0
1457,1483,2016-12-29,1563.0,288.0,10,-75.0,879.0
1458,1481,2016-12-30,1564.0,289.0,10,-70.0,877.0
1459,1480,2016-12-31,1565.0,290.0,10,-72.0,874.0
1460,1487,2017-01-01,1566.0,290.0,10,-76.0,876.0
1461,1486,2017-01-02,1567.0,291.0,10,-70.0,872.0
1462,1488,2017-01-03,1568.0,291.0,10,-71.0,876.0
1463,1492,2017-01-04,1569.0,292.0,10,-70.0,873.0
1464,1491,2017-01-05,1570.0,293.0,10,-71.0,873.0
1465,1490,2017-01-06,1571.0,293.0,10,-70.0,873.0
1466,1489,2017-01-07,1572.0,294.0,10,-81.0,869.0
1467,1493,2017-01-08,1573.0,295.0,10,-74.0,872.0
1468,1495,2017-01-09,1574.0,295.0,10,-72.0,868.0
1469,1494,2017-01-10,1575.0,296.0,10,-73.0,871.0
1470,1496,2017-01-11,1576.0,296.0,10,-72.0,869.0
1471,1498,2017-01-12,1577.0,297.0,10,-72.0,866.0
1472,1499,2017-01-13,1578.0,298.0,10,-74.0,868.0
1473,1500,2017-01-14,1579.0,298.0,10,-73.0,862.0
1474,1497,2017-01-15,1580.0,299.0,10,-72.0,867.0
1475,1501,2017-01-16,1581.0,299.0,10,-72.0,862.0
1476,1503,2017-01-17,1582.0,300.0,11,-74.0,862.0
1477,1502,2017-01-18,1583.0,301.0,11,-75.0,862.0
1478,1505,2017-01-19,1584.0,301.0,11,-77.0,860.0
1479,1506,2017-01-20,1585.0,302.0,11,-76.0,864.0
1480,1504,2017-01-21,1586.0,303.0,11,-72.0,858.0
1481,1508,2017-01-22,1587.0,303.0,11,-73.0,860.0
1482,1507,2017-01-23,1588.0,304.0,11,-72.0,858.0
1483,1510,2017-01-24,1589.0,304.0,11,-72.0,857.0
1484,1509,2017-01-25,1590.0,305.0,11,-76.0,860.0
1485,1512,2017-01-26,1591.0,306.0,11,-73.0,852.0
1486,1511,2017-01-27,1592.0,306.0,11,-71.0,857.0
1487,1513,2017-01-28,1593.0,307.0,11,-72.0,852.0
1488,1514,2017-01-29,1594.0,307.0,11,-74.0,855.0
1489,1515,2017-01-30,1595.0,308.0,11,-71.0,855.0
1490,1516,2017-01-31,1596.0,309.0,11,-74.0,850.0
1491,1517,2017-02-01,1597.0,309.0,11,-73.0,855.0
1492,1519,2017-02-03,1598.0,310.0,11,-70.0,849.0
1493,1518,2017-02-04,1599.0,310.0,11,-72.0,853.0
1494,1520,2017-02-05,1600.0,311.0,11,-71.0,850.0
1495,1522,2017-02-06,1601.0,312.0,11,-71.0,853.0
1496,1521,2017-02-07,1602.0,312.0,11,-77.0,852.0
1497,1523,2017-02-08,1603.0,313.0,11,-76.0,847.0
1498,1524,2017-02-09,1604.0,313.0,11,-77.0,850.0
1499,1526,2017-02-10,1605.0,314.0,11,-73.0,846.0
1500,1525,2017-02-11,1606.0,315.0,11,-75.0,850.0
1501,1528,2017-02-12,1607.0,315.0,11,-77.0,846.0
1502,1527,2017-02-13,1608.0,316.0,11,-72.0,847.0
1503,1529,2017-02-14,1609.0,316.0,11,-71.0,847.0
1504,1534,2017-02-18,1613.0,319.0,11,-72.0,846.0
1505,1533,2017-02-19,1614.0,319.0,11,-73.0,837.0
1506,1536,2017-02-20,1615.0,320.0,11,-73.0,842.0
1507,1535,2017-02-21,1616.0,320.0,11,-73.0,848.0
1508,1537,2017-02-22,1617.0,321.0,11,-72.0,840.0
1509,1540,2017-02-23,1618.0,322.0,11,-71.0,845.0
1510,1538,2017-02-24,1619.0,322.0,11,-73.0,841.0
1511,1539,2017-02-25,1620.0,323.0,11,-70.0,844.0
1512,1541,2017-02-26,1621.0,323.0,11,-73.0,842.0
1513,1542,2017-02-27,1622.0,324.0,11,-71.0,841.0
1514,1544,2017-02-28,1623.0,324.0,11,-71.0,840.0
1515,1543,2017-03-01,1624.0,325.0,11,-72.0,837.0
1516,1546,2017-03-02,1625.0,326.0,11,-71.0,839.0
1517,1545,2017-03-03,1626.0,326.0,11,-71.0,839.0
1518,1547,2017-03-04,1627.0,327.0,11,-72.0,838.0
1519,1549,2017-03-05,1628.0,327.0,11,-71.0,839.0
1520,1548,2017-03-06,1629.0,328.0,11,-74.0,837.0
1521,1551,2017-03-07,1630.0,328.0,11,-77.0,838.0
1522,1550,2017-03-08,1631.0,329.0,11,-77.0,837.0
1523,1552,2017-03-09,1632.0,330.0,12,-72.0,836.0
1524,1554,2017-03-10,1633.0,330.0,12,-75.0,834.0
1525,1553,2017-03-12,1634.0,331.0,12,-72.0,834.0
1526,1555,2017-03-13,1635.0,331.0,12,-73.0,833.0
1527,1556,2017-03-14,1636.0,332.0,12,-72.0,834.0
1528,1557,2017-03-15,1637.0,332.0,12,-73.0,833.0
1529,1559,2017-03-16,1638.0,333.0,12,-73.0,833.0
1530,1558,2017-03-17,1639.0,334.0,12,-71.0,832.0
1531,1561,2017-03-18,1640.0,334.0,12,-72.0,832.0
1532,1560,2017-03-19,1641.0,335.0,12,-72.0,831.0
1533,1564,2017-03-20,1642.0,335.0,12,-72.0,829.0
1534,1563,2017-03-21,1643.0,336.0,12,-74.0,832.0
1535,1562,2017-03-22,1644.0,336.0,12,-74.0,832.0
1536,1567,2017-03-23,1645.0,337.0,12,-74.0,832.0
1537,1565,2017-03-24,1646.0,337.0,12,-74.0,831.0
1538,1566,2017-03-25,1647.0,338.0,12,-73.0,831.0
1539,1568,2017-03-26,1648.0,339.0,12,-73.0,830.0
1540,1569,2017-03-27,1649.0,339.0,12,-74.0,830.0
1541,1570,2017-03-28,1650.0,340.0,12,-75.0,833.0
1542,1571,2017-03-29,1651.0,340.0,12,-77.0,833.0
1543,1572,2017-03-30,1652.0,341.0,12,-76.0,834.0
1544,1573,2017-03-31,1653.0,341.0,12,-75.0,833.0
1545,1575,2017-04-01,1654.0,342.0,12,-75.0,829.0
1546,1574,2017-04-02,1655.0,342.0,12,-76.0,831.0
1547,1576,2017-04-03,1656.0,343.0,12,-75.0,832.0
1548,1578,2017-04-04,1657.0,343.0,12,-75.0,836.0
1549,1577,2017-04-05,1658.0,344.0,12,-77.0,835.0
1550,1579,2017-04-06,1659.0,345.0,12,-77.0,832.0
1551,1581,2017-04-07,1660.0,345.0,12,-74.0,832.0
1552,1580,2017-04-08,1661.0,346.0,12,-75.0,831.0
1553,1583,2017-04-09,1662.0,346.0,12,-75.0,831.0
1554,1584,2017-04-10,1663.0,347.0,12,-74.0,832.0
1555,1586,2017-04-11,1664.0,347.0,12,-74.0,832.0
1556,1585,2017-04-12,1665.0,348.0,12,-76.0,833.0
1557,1582,2017-04-13,1666.0,348.0,12,-76.0,834.0
1558,1588,2017-04-14,1667.0,349.0,12,-76.0,833.0
1559,1587,2017-04-15,1668.0,349.0,12,-77.0,831.0
1560,1589,2017-04-16,1669.0,350.0,12,-74.0,833.0
1561,1590,2017-04-18,1670.0,350.0,12,-76.0,834.0
1562,1591,2017-04-19,1671.0,351.0,12,-76.0,832.0
1563,1592,2017-04-20,1672.0,351.0,12,-74.0,833.0
1564,1594,2017-04-21,1673.0,352.0,12,-75.0,836.0
1565,1593,2017-04-22,1674.0,352.0,12,-75.0,835.0
1566,1595,2017-04-23,1675.0,353.0,12,-75.0,835.0
1567,1596,2017-04-24,1676.0,354.0,12,-76.0,837.0
1568,1597,2017-04-25,1677.0,354.0,12,-74.0,835.0
1569,1598,2017-04-26,1678.0,355.0,12,-74.0,836.0
1570,1599,2017-04-27,1679.0,355.0,12,-75.0,836.0
1571,1601,2017-04-28,1680.0,356.0,12,-74.0,835.0
1572,1602,2017-04-29,1681.0,356.0,12,-74.0,837.0
1573,1603,2017-04-30,1682.0,357.0,12,-76.0,839.0
1574,1600,2017-05-01,1683.0,357.0,12,-75.0,837.0
1575,1604,2017-05-02,1684.0,358.0,12,-75.0,837.0
1576,1605,2017-05-03,1685.0,358.0,12,-77.0,838.0
1577,1607,2017-05-04,1686.0,359.0,12,-75.0,838.0
1578,1608,2017-05-05,1687.0,359.0,12,-75.0,838.0
1579,1606,2017-05-06,1688.0,0.0,1,-76.0,840.0
1580,1610,2017-05-07,1689.0,0.0,1,-75.0,840.0
1581,1609,2017-05-08,1690.0,1.0,1,-76.0,840.0
1582,1614,2017-05-10,1692.0,2.0,1,-62.0,820.0
1583,1612,2017-05-11,1693.0,2.0,1,-76.0,840.0
1584,1613,2017-05-12,1694.0,3.0,1,-76.0,840.0
1585,1611,2017-05-13,1695.0,3.0,1,-77.0,840.0
1586,1615,2017-05-14,1696.0,4.0,1,-75.0,841.0
1587,1616,2017-05-15,1697.0,4.0,1,-77.0,841.0
1588,1618,2017-05-16,1698.0,5.0,1,-77.0,842.0
1589,1617,2017-05-17,1699.0,5.0,1,-76.0,843.0
1590,1619,2017-05-18,1700.0,6.0,1,-76.0,842.0
1591,1620,2017-05-19,1701.0,6.0,1,-76.0,841.0
1592,1621,2017-05-20,1702.0,7.0,1,-75.0,842.0
1593,1622,2017-05-21,1703.0,7.0,1,-76.0,843.0
1594,1625,2017-05-22,1704.0,8.0,1,-77.0,844.0
1595,1623,2017-05-23,1705.0,8.0,1,-76.0,845.0
1596,1624,2017-05-24,1706.0,9.0,1,-77.0,845.0
1597,1627,2017-05-26,1707.0,9.0,1,-77.0,846.0
1598,1626,2017-05-27,1708.0,10.0,1,-76.0,846.0
1599,1628,2017-05-28,1709.0,10.0,1,-76.0,847.0
1600,1629,2017-05-29,1710.0,11.0,1,-76.0,848.0
1601,1631,2017-05-30,1711.0,11.0,1,-75.0,848.0
1602,1630,2017-05-31,1712.0,12.0,1,-77.0,849.0
1603,1635,2017-06-01,1713.0,12.0,1,-75.0,850.0
1604,1633,2017-06-02,1714.0,13.0,1,-77.0,849.0
1605,1634,2017-06-03,1715.0,13.0,1,-77.0,851.0
1606,1632,2017-06-04,1716.0,14.0,1,-76.0,850.0
1607,1636,2017-06-05,1717.0,14.0,1,-76.0,851.0
1608,1637,2017-06-06,1718.0,15.0,1,-77.0,852.0
1609,1639,2017-06-07,1719.0,15.0,1,-77.0,853.0
1610,1638,2017-06-08,1720.0,16.0,1,-76.0,853.0
1611,1641,2017-06-09,1721.0,16.0,1,-76.0,852.0
1612,1640,2017-06-10,1722.0,17.0,1,-77.0,854.0
1613,1642,2017-06-11,1723.0,17.0,1,-76.0,854.0
1614,1643,2017-06-12,1724.0,18.0,1,-77.0,856.0
1615,1644,2017-06-13,1725.0,18.0,1,-79.0,857.0
1616,1645,2017-06-14,1726.0,19.0,1,-76.0,855.0
1617,1647,2017-06-15,1727.0,19.0,1,-75.0,855.0
1618,1648,2017-06-16,1728.0,20.0,1,-76.0,855.0
1619,1646,2017-06-17,1729.0,20.0,1,-76.0,858.0
1620,1650,2017-06-18,1730.0,21.0,1,-77.0,858.0
1621,1649,2017-06-19,1731.0,21.0,1,-78.0,857.0
1622,1651,2017-06-20,1732.0,22.0,1,-78.0,858.0
1623,1652,2017-06-21,1733.0,22.0,1,-77.0,859.0
1624,1655,2017-06-22,1734.0,23.0,1,-78.0,859.0
1625,1653,2017-06-23,1735.0,23.0,1,-78.0,861.0
1626,1654,2017-06-24,1736.0,23.0,1,-77.0,860.0
1627,1656,2017-06-25,1737.0,24.0,1,-78.0,861.0
1628,1657,2017-06-26,1738.0,24.0,1,-78.0,861.0
1629,1658,2017-06-27,1739.0,25.0,1,-77.0,861.0
1630,1662,2017-06-28,1740.0,25.0,1,-78.0,861.0
1631,1659,2017-06-29,1741.0,26.0,1,-78.0,863.0
1632,1661,2017-06-30,1742.0,26.0,1,-77.0,865.0
1633,1660,2017-07-02,1743.0,27.0,1,-78.0,863.0
1634,1663,2017-07-03,1744.0,27.0,1,-78.0,863.0
1635,1664,2017-07-04,1745.0,28.0,1,-78.0,865.0
1636,1665,2017-07-05,1746.0,28.0,1,-76.0,866.0
1637,1666,2017-07-06,1747.0,29.0,1,-79.0,866.0
1638,1668,2017-07-07,1748.0,29.0,1,-79.0,867.0
1639,1667,2017-07-08,1749.0,30.0,2,-76.0,867.0
1640,1669,2017-07-09,1750.0,30.0,2,-77.0,867.0
1641,1670,2017-07-10,1751.0,31.0,2,-78.0,867.0
1642,1671,2017-07-11,1752.0,31.0,2,-80.0,867.0
1643,1672,2017-07-12,1753.0,32.0,2,-76.0,868.0
1644,1673,2017-07-13,1754.0,32.0,2,-78.0,870.0
1645,1674,2017-07-14,1755.0,32.0,2,-77.0,870.0
1646,1675,2017-07-15,1756.0,33.0,2,-78.0,871.0
1647,1676,2017-07-16,1757.0,33.0,2,-78.0,871.0
1648,1677,2017-07-17,1758.0,34.0,2,-78.0,871.0
1649,1678,2017-07-18,1759.0,34.0,2,-77.0,871.0
1650,1679,2017-07-19,1760.0,35.0,2,-78.0,872.0
1651,1684,2017-07-20,1761.0,35.0,2,-77.0,872.0
1652,1687,2017-07-21,1762.0,36.0,2,-77.0,872.0
1653,1680,2017-07-22,1763.0,36.0,2,-78.0,873.0
1654,1682,2017-07-23,1764.0,37.0,2,-79.0,872.0
1655,1690,2017-07-24,1765.0,37.0,2,-77.0,873.0
1656,1688,2017-07-25,1766.0,38.0,2,-79.0,873.0
1657,1691,2017-07-26,1767.0,38.0,2,-77.0,874.0
1658,1683,2017-07-27,1768.0,39.0,2,-78.0,875.0
1659,1689,2017-07-28,1769.0,39.0,2,-76.0,875.0
1660,1686,2017-07-29,1770.0,39.0,2,-79.0,875.0
1661,1692,2017-07-30,1771.0,40.0,2,-79.0,876.0
1662,1681,2017-07-31,1772.0,40.0,2,-78.0,876.0
1663,1685,2017-08-01,1773.0,41.0,2,-78.0,876.0
1664,1693,2017-08-02,1774.0,41.0,2,-79.0,877.0
1665,1694,2017-08-03,1775.0,42.0,2,-80.0,877.0
1666,1696,2017-08-04,1776.0,42.0,2,-79.0,877.0
1667,1695,2017-08-05,1777.0,43.0,2,-79.0,877.0
1668,1697,2017-08-06,1778.0,43.0,2,-81.0,877.0
1669,1698,2017-08-07,1779.0,44.0,2,-78.0,878.0
1670,1699,2017-08-09,1780.0,44.0,2,-77.0,879.0
1671,1700,2017-08-10,1781.0,45.0,2,-78.0,879.0
1672,1701,2017-08-11,1782.0,45.0,2,-78.0,878.0
1673,1703,2017-08-12,1783.0,45.0,2,-79.0,879.0
1674,1702,2017-08-13,1784.0,46.0,2,-80.0,883.0
1675,1704,2017-08-14,1785.0,46.0,2,-77.0,881.0
1676,1705,2017-08-16,1787.0,47.0,2,-79.0,881.0
1677,1706,2017-08-17,1788.0,48.0,2,-79.0,881.0
1678,1708,2017-08-18,1789.0,48.0,2,-79.0,881.0
1679,1707,2017-08-19,1790.0,49.0,2,-81.0,882.0
1680,1709,2017-08-20,1791.0,49.0,2,-79.0,882.0
1681,1710,2017-08-21,1792.0,50.0,2,-80.0,883.0
1682,1711,2017-08-22,1793.0,50.0,2,-80.0,883.0
1683,1712,2017-08-23,1794.0,50.0,2,-80.0,883.0
1684,1714,2017-08-24,1795.0,51.0,2,-81.0,882.0
1685,1715,2017-08-25,1796.0,51.0,2,-80.0,883.0
1686,1713,2017-08-26,1797.0,52.0,2,-79.0,884.0
1687,1716,2017-08-27,1798.0,52.0,2,-79.0,883.0
1688,1717,2017-08-28,1799.0,53.0,2,-78.0,883.0
1689,1718,2017-08-29,1800.0,53.0,2,-80.0,883.0
1690,1719,2017-08-30,1801.0,54.0,2,-80.0,882.0
1691,1722,2017-08-31,1802.0,54.0,2,-79.0,882.0
1692,1723,2017-09-01,1803.0,55.0,2,-78.0,882.0
1693,1720,2017-09-02,1804.0,55.0,2,-78.0,883.0
1694,1721,2017-09-03,1805.0,55.0,2,-78.0,883.0
1695,1724,2017-09-04,1806.0,56.0,2,-80.0,884.0
1696,1725,2017-09-05,1807.0,56.0,2,-78.0,884.0
1697,1726,2017-09-06,1808.0,57.0,2,-79.0,884.0
1698,1728,2017-09-07,1809.0,57.0,2,-80.0,884.0
1699,1729,2017-09-08,1810.0,58.0,2,-78.0,883.0
1700,1727,2017-09-09,1811.0,58.0,2,-79.0,882.0
1701,1730,2017-09-10,1812.0,59.0,2,-79.0,882.0
1702,1731,2017-09-11,1813.0,59.0,2,-80.0,881.0
1703,1732,2017-09-12,1814.0,59.0,2,-80.0,881.0
1704,1733,2017-09-13,1815.0,60.0,3,-81.0,881.0
1705,1734,2017-09-15,1816.0,60.0,3,-82.0,882.0
1706,1735,2017-09-16,1817.0,61.0,3,-80.0,882.0
1707,1736,2017-09-17,1818.0,61.0,3,-81.0,881.0
1708,1737,2017-09-18,1819.0,62.0,3,-82.0,880.0
1709,1738,2017-09-19,1820.0,62.0,3,-79.0,881.0
1710,1740,2017-09-20,1821.0,63.0,3,-81.0,882.0
1711,1739,2017-09-21,1822.0,63.0,3,-78.0,881.0
1712,1743,2017-09-22,1823.0,64.0,3,-80.0,879.0
1713,1742,2017-09-23,1824.0,64.0,3,-80.0,879.0
1714,1741,2017-09-24,1825.0,64.0,3,-80.0,878.0
1715,1744,2017-09-25,1826.0,65.0,3,-80.0,878.0
1716,1745,2017-09-26,1827.0,65.0,3,-80.0,879.0
1717,1746,2017-09-27,1828.0,66.0,3,-80.0,878.0
1718,1749,2017-09-28,1829.0,66.0,3,-78.0,877.0
1719,1748,2017-09-29,1830.0,67.0,3,-80.0,877.0
1720,1747,2017-09-30,1831.0,67.0,3,-80.0,876.0
1721,1750,2017-10-01,1832.0,68.0,3,-84.0,875.0
1722,1751,2017-10-02,1833.0,68.0,3,-81.0,875.0
1723,1752,2017-10-03,1834.0,68.0,3,-80.0,875.0
1724,1753,2017-10-04,1835.0,69.0,3,-80.0,873.0
1725,1755,2017-10-05,1836.0,69.0,3,-81.0,873.0
1726,1756,2017-10-06,1837.0,70.0,3,-81.0,872.0
1727,1754,2017-10-07,1838.0,70.0,3,-79.0,872.0
1728,1757,2017-10-08,1839.0,71.0,3,-80.0,872.0
1729,1758,2017-10-09,1840.0,71.0,3,-77.0,871.0
1730,1759,2017-10-10,1841.0,72.0,3,-77.0,870.0
1731,1761,2017-10-11,1842.0,72.0,3,-79.0,869.0
1732,1760,2017-10-12,1843.0,72.0,3,-80.0,869.0
1733,1762,2017-10-13,1844.0,73.0,3,-81.0,869.0
1734,1763,2017-10-14,1845.0,73.0,3,-80.0,868.0
1735,1765,2017-10-15,1846.0,74.0,3,-80.0,868.0
1736,1764,2017-10-16,1847.0,74.0,3,-80.0,866.0
1737,1766,2017-10-17,1848.0,75.0,3,-80.0,865.0
1738,1770,2017-10-18,1849.0,75.0,3,-80.0,864.0
1739,1768,2017-10-19,1850.0,76.0,3,-80.0,864.0
1740,1767,2017-10-20,1851.0,76.0,3,-87.0,864.0
1741,1769,2017-10-22,1852.0,77.0,3,-80.0,863.0
1742,1771,2017-10-23,1853.0,77.0,3,-80.0,862.0
1743,1772,2017-10-24,1854.0,77.0,3,-80.0,861.0
1744,1773,2017-10-25,1855.0,78.0,3,-78.0,861.0
1745,1774,2017-10-26,1856.0,78.0,3,-80.0,859.0
1746,1776,2017-10-27,1857.0,79.0,3,-80.0,858.0
1747,1775,2017-10-28,1858.0,79.0,3,-81.0,857.0
1748,1779,2017-10-29,1859.0,80.0,3,-79.0,857.0
1749,1778,2017-10-30,1860.0,80.0,3,-80.0,857.0
1750,1780,2017-10-31,1861.0,81.0,3,-79.0,855.0
1751,1777,2017-11-01,1862.0,81.0,3,-81.0,854.0
1752,1781,2017-11-02,1863.0,81.0,3,-80.0,853.0
1753,1782,2017-11-03,1864.0,82.0,3,-82.0,852.0
1754,1783,2017-11-04,1865.0,82.0,3,-80.0,852.0
1755,1785,2017-11-05,1866.0,83.0,3,-80.0,850.0
1756,1784,2017-11-06,1867.0,83.0,3,-78.0,848.0
1757,1786,2017-11-07,1868.0,84.0,3,-80.0,848.0
1758,1787,2017-11-08,1869.0,84.0,3,-81.0,846.0
1759,1788,2017-11-09,1870.0,85.0,3,-81.0,845.0
1760,1789,2017-11-10,1871.0,85.0,3,-80.0,844.0
1761,1791,2017-11-11,1872.0,86.0,3,-79.0,843.0
1762,1790,2017-11-12,1873.0,86.0,3,-79.0,842.0
1763,1792,2017-11-13,1874.0,86.0,3,-80.0,840.0
1764,1793,2017-11-14,1875.0,87.0,3,-79.0,839.0
1765,1794,2017-11-15,1876.0,87.0,3,-79.0,838.0
1766,1797,2017-11-16,1877.0,88.0,3,-79.0,837.0
1767,1795,2017-11-17,1878.0,88.0,3,-79.0,835.0
1768,1796,2017-11-18,1879.0,89.0,3,-79.0,834.0
1769,1798,2017-11-19,1880.0,89.0,3,-79.0,833.0
1770,1803,2017-11-20,1881.0,90.0,4,-79.0,832.0
1771,1801,2017-11-21,1882.0,90.0,4,-78.0,831.0
1772,1800,2017-11-22,1883.0,91.0,4,-78.0,830.0
1773,1799,2017-11-23,1884.0,91.0,4,-79.0,829.0
1774,1804,2017-11-24,1885.0,91.0,4,-79.0,827.0
1775,1805,2017-11-25,1886.0,92.0,4,-79.0,826.0
1776,1802,2017-11-26,1887.0,92.0,4,-79.0,824.0
1777,1807,2017-11-27,1888.0,93.0,4,-79.0,823.0
1778,1806,2017-11-29,1889.0,93.0,4,-80.0,822.0
1779,1808,2017-11-30,1890.0,94.0,4,-79.0,821.0
1780,1810,2017-12-01,1891.0,94.0,4,-80.0,819.0
1781,1809,2017-12-02,1892.0,95.0,4,-81.0,817.0
1782,1812,2017-12-03,1893.0,95.0,4,-79.0,816.0
1783,1811,2017-12-04,1894.0,96.0,4,-79.0,815.0
1784,1814,2017-12-05,1895.0,96.0,4,-78.0,814.0
1785,1813,2017-12-06,1896.0,96.0,4,-79.0,812.0
1786,1817,2017-12-07,1897.0,97.0,4,-80.0,811.0
1787,1816,2017-12-08,1898.0,97.0,4,-81.0,810.0
1788,1815,2017-12-09,1899.0,98.0,4,-81.0,808.0
1789,1818,2017-12-10,1900.0,98.0,4,-81.0,807.0
1790,1819,2017-12-11,1901.0,99.0,4,-81.0,806.0
1791,1820,2017-12-12,1902.0,99.0,4,-79.0,804.0
1792,1821,2017-12-13,1903.0,100.0,4,-78.0,803.0
1793,1822,2017-12-14,1904.0,100.0,4,-79.0,801.0
1794,1823,2017-12-15,1905.0,101.0,4,-80.0,800.0
1795,1824,2017-12-16,1906.0,101.0,4,-79.0,799.0
1796,1825,2017-12-17,1907.0,101.0,4,-79.0,798.0
1797,1826,2017-12-18,1908.0,102.0,4,-79.0,796.0
1798,1827,2017-12-19,1909.0,102.0,4,-80.0,795.0
1799,1828,2017-12-20,1910.0,103.0,4,-80.0,794.0
1800,1833,2017-12-21,1911.0,103.0,4,-79.0,792.0
1801,1832,2017-12-22,1912.0,104.0,4,-80.0,791.0
1802,1830,2017-12-23,1913.0,104.0,4,-79.0,791.0
1803,1834,2017-12-24,1914.0,105.0,4,-78.0,790.0
1804,1835,2017-12-25,1915.0,105.0,4,-78.0,788.0
1805,1829,2017-12-26,1916.0,106.0,4,-79.0,787.0
1806,1831,2017-12-27,1917.0,106.0,4,-80.0,786.0
1807,1839,2017-12-28,1918.0,107.0,4,-77.0,784.0
1808,1836,2017-12-29,1919.0,107.0,4,-77.0,783.0
1809,1837,2017-12-30,1920.0,108.0,4,-77.0,782.0
1810,1838,2017-12-31,1921.0,108.0,4,-78.0,781.0
1811,1840,2018-01-01,1922.0,108.0,4,-79.0,780.0
1812,1842,2018-01-02,1923.0,109.0,4,-77.0,778.0
1813,1841,2018-01-03,1924.0,109.0,4,-78.0,777.0
1814,1844,2018-01-05,1925.0,110.0,4,-79.0,777.0
1815,1843,2018-01-06,1926.0,110.0,4,-80.0,775.0
1816,1845,2018-01-07,1927.0,111.0,4,-79.0,774.0
1817,1847,2018-01-08,1928.0,111.0,4,-78.0,773.0
1818,1846,2018-01-09,1929.0,112.0,4,-79.0,771.0
1819,1848,2018-01-10,1930.0,112.0,4,-79.0,770.0
1820,1849,2018-01-11,1931.0,113.0,4,-79.0,770.0
1821,1850,2018-01-12,1932.0,113.0,4,-79.0,768.0
1822,1852,2018-01-13,1933.0,114.0,4,-78.0,767.0
1823,1851,2018-01-14,1934.0,114.0,4,-79.0,766.0
1824,1853,2018-01-15,1935.0,115.0,4,-80.0,765.0
1825,1855,2018-01-16,1936.0,115.0,4,-79.0,764.0
1826,1854,2018-01-17,1937.0,116.0,4,-80.0,763.0
1827,1859,2018-01-18,1938.0,116.0,4,-78.0,762.0
1828,1857,2018-01-19,1939.0,116.0,4,-78.0,760.0
1829,1858,2018-01-20,1940.0,117.0,4,-77.0,759.0
1830,1856,2018-01-21,1941.0,117.0,4,-77.0,758.0
1831,1860,2018-01-22,1942.0,118.0,4,-78.0,757.0
1832,1863,2018-01-23,1943.0,118.0,4,-78.0,756.0
1833,1861,2018-01-24,1944.0,119.0,4,-80.0,755.0
1834,1862,2018-01-25,1945.0,119.0,4,-78.0,754.0
1835,1864,2018-01-26,1946.0,120.0,5,-79.0,753.0
1836,1865,2018-01-27,1947.0,120.0,5,-78.0,751.0
1837,1866,2018-01-28,1948.0,121.0,5,-78.0,752.0
1838,1867,2018-01-29,1949.0,121.0,5,-78.0,751.0
1839,1868,2018-01-30,1950.0,122.0,5,-79.0,750.0
1840,1869,2018-01-31,1951.0,122.0,5,-77.0,749.0
1841,1871,2018-02-01,1952.0,123.0,5,-80.0,748.0
1842,1870,2018-02-02,1953.0,123.0,5,-78.0,747.0
1843,1872,2018-02-03,1954.0,124.0,5,-77.0,745.0
1844,1873,2018-02-04,1955.0,124.0,5,-77.0,745.0
1845,1879,2018-02-05,1956.0,125.0,5,-79.0,744.0
1846,1875,2018-02-06,1957.0,125.0,5,-77.0,742.0
1847,1874,2018-02-07,1958.0,126.0,5,-77.0,741.0
1848,1878,2018-02-08,1959.0,126.0,5,-78.0,740.0
1849,1876,2018-02-09,1960.0,127.0,5,-78.0,740.0
1850,1877,2018-02-11,1961.0,127.0,5,-77.0,740.0
1851,1880,2018-02-12,1962.0,128.0,5,-78.0,738.0
1852,1881,2018-02-13,1963.0,128.0,5,-77.0,737.0
1853,1882,2018-02-14,1964.0,129.0,5,-76.0,736.0
1854,1883,2018-02-15,1965.0,129.0,5,-76.0,735.0
1855,1884,2018-02-16,1966.0,130.0,5,-77.0,735.0
1856,1885,2018-02-17,1967.0,130.0,5,-76.0,734.0
1857,1886,2018-02-18,1968.0,131.0,5,-76.0,732.0
1858,1887,2018-02-19,1969.0,131.0,5,-76.0,732.0
1859,1888,2018-02-20,1970.0,132.0,5,-77.0,731.0
1860,1890,2018-02-21,1971.0,132.0,5,-78.0,731.0
1861,1891,2018-02-22,1972.0,133.0,5,-78.0,730.0
1862,1889,2018-02-23,1973.0,133.0,5,-78.0,730.0
1863,1892,2018-02-24,1974.0,134.0,5,-77.0,729.0
1864,1894,2018-02-25,1975.0,134.0,5,-76.0,729.0
1865,1893,2018-02-26,1976.0,135.0,5,-77.0,728.0
1866,1895,2018-02-27,1977.0,135.0,5,-77.0,727.0
